Added Component: Designator=C1(C_0805)
Add component (AddParameter): Name = "Casing"; Value = "0805"; VariantName = "[No Variations]"
Add component (AddParameter): Name = "Dielectric"; Value = "X5R"; VariantName = "[No Variations]"
Add component (AddParameter): Name = "Technology"; Value = "Ceramic"; VariantName = "[No Variations]"
Add component (AddParameter): Name = "Tolerance"; Value = "10%"; VariantName = "[No Variations]"
Add component (AddParameter): Name = "Value"; Value = "10u"; VariantName = "[No Variations]"
Add component (AddParameter): Name = "Voltage"; Value = "25V"; VariantName = "[No Variations]"
Added Component: Designator=C3(C_0603)
Add component (AddParameter): Name = "Casing"; Value = "0603"; VariantName = "[No Variations]"
Add component (AddParameter): Name = "Dielectric"; Value = "X7R"; VariantName = "[No Variations]"
Add component (AddParameter): Name = "Technology"; Value = "Ceramic"; VariantName = "[No Variations]"
Add component (AddParameter): Name = "Tolerance"; Value = "10%"; VariantName = "[No Variations]"
Add component (AddParameter): Name = "Value"; Value = "1u"; VariantName = "[No Variations]"
Add component (AddParameter): Name = "Voltage"; Value = "10V"; VariantName = "[No Variations]"
Added Component: Designator=C5(C_0603)
Add component (AddParameter): Name = "Casing"; Value = "0603"; VariantName = "[No Variations]"
Add component (AddParameter): Name = "Dielectric"; Value = "X7R"; VariantName = "[No Variations]"
Add component (AddParameter): Name = "Technology"; Value = "Ceramic"; VariantName = "[No Variations]"
Add component (AddParameter): Name = "Tolerance"; Value = "10%"; VariantName = "[No Variations]"
Add component (AddParameter): Name = "Value"; Value = "100n"; VariantName = "[No Variations]"
Add component (AddParameter): Name = "Voltage"; Value = "25V"; VariantName = "[No Variations]"
Added Component: Designator=C6_U_DCDCreg5(C_0603)
Add component (AddParameter): Name = "Casing"; Value = "0603"; VariantName = "[No Variations]"
Add component (AddParameter): Name = "Dielectric"; Value = "X7R"; VariantName = "[No Variations]"
Add component (AddParameter): Name = "Technology"; Value = "Ceramic"; VariantName = "[No Variations]"
Add component (AddParameter): Name = "Tolerance"; Value = "10%"; VariantName = "[No Variations]"
Add component (AddParameter): Name = "Value"; Value = "100n"; VariantName = "[No Variations]"
Add component (AddParameter): Name = "Voltage"; Value = "25V"; VariantName = "[No Variations]"
Added Component: Designator=C6_U_DCDCreg(C_0603)
Add component (AddParameter): Name = "Casing"; Value = "0603"; VariantName = "[No Variations]"
Add component (AddParameter): Name = "Dielectric"; Value = "X7R"; VariantName = "[No Variations]"
Add component (AddParameter): Name = "Technology"; Value = "Ceramic"; VariantName = "[No Variations]"
Add component (AddParameter): Name = "Tolerance"; Value = "10%"; VariantName = "[No Variations]"
Add component (AddParameter): Name = "Value"; Value = "100n"; VariantName = "[No Variations]"
Add component (AddParameter): Name = "Voltage"; Value = "25V"; VariantName = "[No Variations]"
Added Component: Designator=C7_U_DCDCreg5(C_0603)
Add component (AddParameter): Name = "Casing"; Value = "0603"; VariantName = "[No Variations]"
Add component (AddParameter): Name = "Dielectric"; Value = "X7R"; VariantName = "[No Variations]"
Add component (AddParameter): Name = "Technology"; Value = "Ceramic"; VariantName = "[No Variations]"
Add component (AddParameter): Name = "Tolerance"; Value = "10%"; VariantName = "[No Variations]"
Add component (AddParameter): Name = "Value"; Value = "100n"; VariantName = "[No Variations]"
Add component (AddParameter): Name = "Voltage"; Value = "25V"; VariantName = "[No Variations]"
Added Component: Designator=C7_U_DCDCreg(C_0603)
Add component (AddParameter): Name = "Casing"; Value = "0603"; VariantName = "[No Variations]"
Add component (AddParameter): Name = "Dielectric"; Value = "X7R"; VariantName = "[No Variations]"
Add component (AddParameter): Name = "Technology"; Value = "Ceramic"; VariantName = "[No Variations]"
Add component (AddParameter): Name = "Tolerance"; Value = "10%"; VariantName = "[No Variations]"
Add component (AddParameter): Name = "Value"; Value = "100n"; VariantName = "[No Variations]"
Add component (AddParameter): Name = "Voltage"; Value = "25V"; VariantName = "[No Variations]"
Added Component: Designator=C8_U_DCDCreg5(CAP_A768EB_6.8x6.8_KEM)
Add component (AddParameter): Name = "ComponentLink1Description"; Value = "Datasheet"; VariantName = "[No Variations]"
Add component (AddParameter): Name = "ComponentLink1URL"; Value = "https://yageogroup.com/content/datasheet/asset/file/KEM_A4088_A768"; VariantName = "[No Variations]"
Add component (AddParameter): Name = "ComponentLink2Description"; Value = "Supplier"; VariantName = "[No Variations]"
Add component (AddParameter): Name = "ComponentLink2URL"; Value = "https://www.digikey.pl/pl/products/detail/kemet/A768EB107M1ELAS036/13420071"; VariantName = "[No Variations]"
Add component (AddParameter): Name = "Dielectric"; Value = ""; VariantName = "[No Variations]"
Add component (AddParameter): Name = "Package"; Value = ""; VariantName = "[No Variations]"
Add component (AddParameter): Name = "Tolerance"; Value = "20%"; VariantName = "[No Variations]"
Add component (AddParameter): Name = "Value"; Value = "100uF"; VariantName = "[No Variations]"
Add component (AddParameter): Name = "Voltage"; Value = "25V"; VariantName = "[No Variations]"
Added Component: Designator=C8_U_DCDCreg(CAP_A768EB_6.8x6.8_KEM)
Add component (AddParameter): Name = "ComponentLink1Description"; Value = "Datasheet"; VariantName = "[No Variations]"
Add component (AddParameter): Name = "ComponentLink1URL"; Value = "https://yageogroup.com/content/datasheet/asset/file/KEM_A4088_A768"; VariantName = "[No Variations]"
Add component (AddParameter): Name = "ComponentLink2Description"; Value = "Supplier"; VariantName = "[No Variations]"
Add component (AddParameter): Name = "ComponentLink2URL"; Value = "https://www.digikey.pl/pl/products/detail/kemet/A768EB107M1ELAS036/13420071"; VariantName = "[No Variations]"
Add component (AddParameter): Name = "Dielectric"; Value = ""; VariantName = "[No Variations]"
Add component (AddParameter): Name = "Package"; Value = ""; VariantName = "[No Variations]"
Add component (AddParameter): Name = "Tolerance"; Value = "20%"; VariantName = "[No Variations]"
Add component (AddParameter): Name = "Value"; Value = "100uF"; VariantName = "[No Variations]"
Add component (AddParameter): Name = "Voltage"; Value = "25V"; VariantName = "[No Variations]"
Added Component: Designator=C9_U_DCDCreg5(C_0805)
Add component (AddParameter): Name = "Casing"; Value = "0805"; VariantName = "[No Variations]"
Add component (AddParameter): Name = "Dielectric"; Value = "X5R"; VariantName = "[No Variations]"
Add component (AddParameter): Name = "Technology"; Value = "Ceramic"; VariantName = "[No Variations]"
Add component (AddParameter): Name = "Tolerance"; Value = "10%"; VariantName = "[No Variations]"
Add component (AddParameter): Name = "Value"; Value = "10u"; VariantName = "[No Variations]"
Add component (AddParameter): Name = "Voltage"; Value = "25V"; VariantName = "[No Variations]"
Added Component: Designator=C9_U_DCDCreg(C_0805)
Add component (AddParameter): Name = "Casing"; Value = "0805"; VariantName = "[No Variations]"
Add component (AddParameter): Name = "Dielectric"; Value = "X5R"; VariantName = "[No Variations]"
Add component (AddParameter): Name = "Technology"; Value = "Ceramic"; VariantName = "[No Variations]"
Add component (AddParameter): Name = "Tolerance"; Value = "10%"; VariantName = "[No Variations]"
Add component (AddParameter): Name = "Value"; Value = "10u"; VariantName = "[No Variations]"
Add component (AddParameter): Name = "Voltage"; Value = "25V"; VariantName = "[No Variations]"
Added Component: Designator=C10_U_DCDCreg5(C_0603)
Add component (AddParameter): Name = "Casing"; Value = "0603"; VariantName = "[No Variations]"
Add component (AddParameter): Name = "Dielectric"; Value = "XR7"; VariantName = "[No Variations]"
Add component (AddParameter): Name = "Technology"; Value = "Ceramic"; VariantName = "[No Variations]"
Add component (AddParameter): Name = "Tolerance"; Value = "10%"; VariantName = "[No Variations]"
Add component (AddParameter): Name = "Value"; Value = "1u"; VariantName = "[No Variations]"
Add component (AddParameter): Name = "Voltage"; Value = "25V"; VariantName = "[No Variations]"
Added Component: Designator=C10_U_DCDCreg(C_0603)
Add component (AddParameter): Name = "Casing"; Value = "0603"; VariantName = "[No Variations]"
Add component (AddParameter): Name = "Dielectric"; Value = "XR7"; VariantName = "[No Variations]"
Add component (AddParameter): Name = "Technology"; Value = "Ceramic"; VariantName = "[No Variations]"
Add component (AddParameter): Name = "Tolerance"; Value = "10%"; VariantName = "[No Variations]"
Add component (AddParameter): Name = "Value"; Value = "1u"; VariantName = "[No Variations]"
Add component (AddParameter): Name = "Voltage"; Value = "25V"; VariantName = "[No Variations]"
Added Component: Designator=C11_U_DCDCreg5(CAP_A768EB_6.8x6.8_KEM)
Add component (AddParameter): Name = "ComponentLink1Description"; Value = "Datasheet"; VariantName = "[No Variations]"
Add component (AddParameter): Name = "ComponentLink1URL"; Value = "https://yageogroup.com/content/datasheet/asset/file/KEM_A4088_A768"; VariantName = "[No Variations]"
Add component (AddParameter): Name = "ComponentLink2Description"; Value = "Supplier"; VariantName = "[No Variations]"
Add component (AddParameter): Name = "ComponentLink2URL"; Value = "https://www.digikey.pl/pl/products/detail/kemet/A768EB107M1ELAS036/13420071"; VariantName = "[No Variations]"
Add component (AddParameter): Name = "Dielectric"; Value = ""; VariantName = "[No Variations]"
Add component (AddParameter): Name = "Package"; Value = ""; VariantName = "[No Variations]"
Add component (AddParameter): Name = "Tolerance"; Value = "20%"; VariantName = "[No Variations]"
Add component (AddParameter): Name = "Value"; Value = "100uF"; VariantName = "[No Variations]"
Add component (AddParameter): Name = "Voltage"; Value = "25V"; VariantName = "[No Variations]"
Added Component: Designator=C11_U_DCDCreg(CAP_A768EB_6.8x6.8_KEM)
Add component (AddParameter): Name = "ComponentLink1Description"; Value = "Datasheet"; VariantName = "[No Variations]"
Add component (AddParameter): Name = "ComponentLink1URL"; Value = "https://yageogroup.com/content/datasheet/asset/file/KEM_A4088_A768"; VariantName = "[No Variations]"
Add component (AddParameter): Name = "ComponentLink2Description"; Value = "Supplier"; VariantName = "[No Variations]"
Add component (AddParameter): Name = "ComponentLink2URL"; Value = "https://www.digikey.pl/pl/products/detail/kemet/A768EB107M1ELAS036/13420071"; VariantName = "[No Variations]"
Add component (AddParameter): Name = "Dielectric"; Value = ""; VariantName = "[No Variations]"
Add component (AddParameter): Name = "Package"; Value = ""; VariantName = "[No Variations]"
Add component (AddParameter): Name = "Tolerance"; Value = "20%"; VariantName = "[No Variations]"
Add component (AddParameter): Name = "Value"; Value = "100uF"; VariantName = "[No Variations]"
Add component (AddParameter): Name = "Voltage"; Value = "25V"; VariantName = "[No Variations]"
Added Component: Designator=C12_U_DCDCreg5(C_0603)
Add component (AddParameter): Name = "Casing"; Value = "0603"; VariantName = "[No Variations]"
Add component (AddParameter): Name = "Dielectric"; Value = "XR7"; VariantName = "[No Variations]"
Add component (AddParameter): Name = "Technology"; Value = "Ceramic"; VariantName = "[No Variations]"
Add component (AddParameter): Name = "Tolerance"; Value = "10%"; VariantName = "[No Variations]"
Add component (AddParameter): Name = "Value"; Value = "1u"; VariantName = "[No Variations]"
Add component (AddParameter): Name = "Voltage"; Value = "25V"; VariantName = "[No Variations]"
Added Component: Designator=C12_U_DCDCreg(C_0603)
Add component (AddParameter): Name = "Casing"; Value = "0603"; VariantName = "[No Variations]"
Add component (AddParameter): Name = "Dielectric"; Value = "XR7"; VariantName = "[No Variations]"
Add component (AddParameter): Name = "Technology"; Value = "Ceramic"; VariantName = "[No Variations]"
Add component (AddParameter): Name = "Tolerance"; Value = "10%"; VariantName = "[No Variations]"
Add component (AddParameter): Name = "Value"; Value = "1u"; VariantName = "[No Variations]"
Add component (AddParameter): Name = "Voltage"; Value = "25V"; VariantName = "[No Variations]"
Added Component: Designator=C13_U_DCDCreg5(C_1206)
Add component (AddParameter): Name = "Casing"; Value = "1206"; VariantName = "[No Variations]"
Add component (AddParameter): Name = "Dielectric"; Value = "X7R"; VariantName = "[No Variations]"
Add component (AddParameter): Name = "Technology"; Value = "Ceramic"; VariantName = "[No Variations]"
Add component (AddParameter): Name = "Tolerance"; Value = "20%"; VariantName = "[No Variations]"
Add component (AddParameter): Name = "Value"; Value = "22u"; VariantName = "[No Variations]"
Add component (AddParameter): Name = "Voltage"; Value = "25V"; VariantName = "[No Variations]"
Added Component: Designator=C13_U_DCDCreg(C_1206)
Add component (AddParameter): Name = "Casing"; Value = "1206"; VariantName = "[No Variations]"
Add component (AddParameter): Name = "Dielectric"; Value = "X7R"; VariantName = "[No Variations]"
Add component (AddParameter): Name = "Technology"; Value = "Ceramic"; VariantName = "[No Variations]"
Add component (AddParameter): Name = "Tolerance"; Value = "20%"; VariantName = "[No Variations]"
Add component (AddParameter): Name = "Value"; Value = "22u"; VariantName = "[No Variations]"
Add component (AddParameter): Name = "Voltage"; Value = "25V"; VariantName = "[No Variations]"
Added Component: Designator=C14_U_DCDCreg5(C_1206)
Add component (AddParameter): Name = "Casing"; Value = "1206"; VariantName = "[No Variations]"
Add component (AddParameter): Name = "Dielectric"; Value = "X7R"; VariantName = "[No Variations]"
Add component (AddParameter): Name = "Technology"; Value = "Ceramic"; VariantName = "[No Variations]"
Add component (AddParameter): Name = "Tolerance"; Value = "20%"; VariantName = "[No Variations]"
Add component (AddParameter): Name = "Value"; Value = "22u"; VariantName = "[No Variations]"
Add component (AddParameter): Name = "Voltage"; Value = "25V"; VariantName = "[No Variations]"
Added Component: Designator=C14_U_DCDCreg(C_1206)
Add component (AddParameter): Name = "Casing"; Value = "1206"; VariantName = "[No Variations]"
Add component (AddParameter): Name = "Dielectric"; Value = "X7R"; VariantName = "[No Variations]"
Add component (AddParameter): Name = "Technology"; Value = "Ceramic"; VariantName = "[No Variations]"
Add component (AddParameter): Name = "Tolerance"; Value = "20%"; VariantName = "[No Variations]"
Add component (AddParameter): Name = "Value"; Value = "22u"; VariantName = "[No Variations]"
Add component (AddParameter): Name = "Voltage"; Value = "25V"; VariantName = "[No Variations]"
Added Component: Designator=C15_U_DCDCreg5(C_1206)
Add component (AddParameter): Name = "Casing"; Value = "1206"; VariantName = "[No Variations]"
Add component (AddParameter): Name = "Dielectric"; Value = "X7R"; VariantName = "[No Variations]"
Add component (AddParameter): Name = "Technology"; Value = "Ceramic"; VariantName = "[No Variations]"
Add component (AddParameter): Name = "Tolerance"; Value = "20%"; VariantName = "[No Variations]"
Add component (AddParameter): Name = "Value"; Value = "22u"; VariantName = "[No Variations]"
Add component (AddParameter): Name = "Voltage"; Value = "25V"; VariantName = "[No Variations]"
Added Component: Designator=C15_U_DCDCreg(C_1206)
Add component (AddParameter): Name = "Casing"; Value = "1206"; VariantName = "[No Variations]"
Add component (AddParameter): Name = "Dielectric"; Value = "X7R"; VariantName = "[No Variations]"
Add component (AddParameter): Name = "Technology"; Value = "Ceramic"; VariantName = "[No Variations]"
Add component (AddParameter): Name = "Tolerance"; Value = "20%"; VariantName = "[No Variations]"
Add component (AddParameter): Name = "Value"; Value = "22u"; VariantName = "[No Variations]"
Add component (AddParameter): Name = "Voltage"; Value = "25V"; VariantName = "[No Variations]"
Added Component: Designator=C16_U_DCDCreg5(CAP_A768EB_6.8x6.8_KEM)
Add component (AddParameter): Name = "ComponentLink1Description"; Value = "Datasheet"; VariantName = "[No Variations]"
Add component (AddParameter): Name = "ComponentLink1URL"; Value = "https://yageogroup.com/content/datasheet/asset/file/KEM_A4088_A768"; VariantName = "[No Variations]"
Add component (AddParameter): Name = "ComponentLink2Description"; Value = "Supplier"; VariantName = "[No Variations]"
Add component (AddParameter): Name = "ComponentLink2URL"; Value = "https://www.digikey.pl/pl/products/detail/kemet/A768EB107M1ELAS036/13420071"; VariantName = "[No Variations]"
Add component (AddParameter): Name = "Dielectric"; Value = ""; VariantName = "[No Variations]"
Add component (AddParameter): Name = "Package"; Value = ""; VariantName = "[No Variations]"
Add component (AddParameter): Name = "Tolerance"; Value = "20%"; VariantName = "[No Variations]"
Add component (AddParameter): Name = "Value"; Value = "100uF"; VariantName = "[No Variations]"
Add component (AddParameter): Name = "Voltage"; Value = "25V"; VariantName = "[No Variations]"
Added Component: Designator=C16_U_DCDCreg(CAP_A768EB_6.8x6.8_KEM)
Add component (AddParameter): Name = "ComponentLink1Description"; Value = "Datasheet"; VariantName = "[No Variations]"
Add component (AddParameter): Name = "ComponentLink1URL"; Value = "https://yageogroup.com/content/datasheet/asset/file/KEM_A4088_A768"; VariantName = "[No Variations]"
Add component (AddParameter): Name = "ComponentLink2Description"; Value = "Supplier"; VariantName = "[No Variations]"
Add component (AddParameter): Name = "ComponentLink2URL"; Value = "https://www.digikey.pl/pl/products/detail/kemet/A768EB107M1ELAS036/13420071"; VariantName = "[No Variations]"
Add component (AddParameter): Name = "Dielectric"; Value = ""; VariantName = "[No Variations]"
Add component (AddParameter): Name = "Package"; Value = ""; VariantName = "[No Variations]"
Add component (AddParameter): Name = "Tolerance"; Value = "20%"; VariantName = "[No Variations]"
Add component (AddParameter): Name = "Value"; Value = "100uF"; VariantName = "[No Variations]"
Add component (AddParameter): Name = "Voltage"; Value = "25V"; VariantName = "[No Variations]"
Added Component: Designator=C17_U_DCDCreg5(C_0603)
Add component (AddParameter): Name = "Casing"; Value = "0603"; VariantName = "[No Variations]"
Add component (AddParameter): Name = "Dielectric"; Value = "X5R"; VariantName = "[No Variations]"
Add component (AddParameter): Name = "Technology"; Value = "Ceramic"; VariantName = "[No Variations]"
Add component (AddParameter): Name = "Tolerance"; Value = "10%"; VariantName = "[No Variations]"
Add component (AddParameter): Name = "Value"; Value = "4u7"; VariantName = "[No Variations]"
Add component (AddParameter): Name = "Voltage"; Value = "16V"; VariantName = "[No Variations]"
Added Component: Designator=C17_U_DCDCreg(C_0603)
Add component (AddParameter): Name = "Casing"; Value = "0603"; VariantName = "[No Variations]"
Add component (AddParameter): Name = "Dielectric"; Value = "X5R"; VariantName = "[No Variations]"
Add component (AddParameter): Name = "Technology"; Value = "Ceramic"; VariantName = "[No Variations]"
Add component (AddParameter): Name = "Tolerance"; Value = "10%"; VariantName = "[No Variations]"
Add component (AddParameter): Name = "Value"; Value = "4u7"; VariantName = "[No Variations]"
Add component (AddParameter): Name = "Voltage"; Value = "16V"; VariantName = "[No Variations]"
Added Component: Designator=C18(C_0603)
Add component (AddParameter): Name = "Casing"; Value = "0603"; VariantName = "[No Variations]"
Add component (AddParameter): Name = "Dielectric"; Value = "X7R"; VariantName = "[No Variations]"
Add component (AddParameter): Name = "Technology"; Value = "Ceramic"; VariantName = "[No Variations]"
Add component (AddParameter): Name = "Tolerance"; Value = "10%"; VariantName = "[No Variations]"
Add component (AddParameter): Name = "Value"; Value = "100n"; VariantName = "[No Variations]"
Add component (AddParameter): Name = "Voltage"; Value = "10V"; VariantName = "[No Variations]"
Added Component: Designator=C19(C_0603)
Add component (AddParameter): Name = "Casing"; Value = "0603"; VariantName = "[No Variations]"
Add component (AddParameter): Name = "Dielectric"; Value = "XR7"; VariantName = "[No Variations]"
Add component (AddParameter): Name = "Technology"; Value = "Ceramic"; VariantName = "[No Variations]"
Add component (AddParameter): Name = "Tolerance"; Value = "10%"; VariantName = "[No Variations]"
Add component (AddParameter): Name = "Value"; Value = "120p"; VariantName = "[No Variations]"
Add component (AddParameter): Name = "Voltage"; Value = "10V"; VariantName = "[No Variations]"
Added Component: Designator=C20(C_1206)
Add component (AddParameter): Name = "Casing"; Value = "1206"; VariantName = "[No Variations]"
Add component (AddParameter): Name = "Dielectric"; Value = "X7R"; VariantName = "[No Variations]"
Add component (AddParameter): Name = "Technology"; Value = "Ceramic"; VariantName = "[No Variations]"
Add component (AddParameter): Name = "Tolerance"; Value = "20%"; VariantName = "[No Variations]"
Add component (AddParameter): Name = "Value"; Value = "22u"; VariantName = "[No Variations]"
Add component (AddParameter): Name = "Voltage"; Value = "25V"; VariantName = "[No Variations]"
Added Component: Designator=C21(C_0603)
Add component (AddParameter): Name = "Casing"; Value = "0603"; VariantName = "[No Variations]"
Add component (AddParameter): Name = "Dielectric"; Value = "X7R"; VariantName = "[No Variations]"
Add component (AddParameter): Name = "Technology"; Value = "Ceramic"; VariantName = "[No Variations]"
Add component (AddParameter): Name = "Tolerance"; Value = "10%"; VariantName = "[No Variations]"
Add component (AddParameter): Name = "Value"; Value = "100n"; VariantName = "[No Variations]"
Add component (AddParameter): Name = "Voltage"; Value = "25V"; VariantName = "[No Variations]"
Added Component: Designator=C22(C_1206)
Add component (AddParameter): Name = "Casing"; Value = "1206"; VariantName = "[No Variations]"
Add component (AddParameter): Name = "Dielectric"; Value = "X5R"; VariantName = "[No Variations]"
Add component (AddParameter): Name = "Technology"; Value = "Ceramic"; VariantName = "[No Variations]"
Add component (AddParameter): Name = "Tolerance"; Value = "20%"; VariantName = "[No Variations]"
Add component (AddParameter): Name = "Value"; Value = "22u"; VariantName = "[No Variations]"
Add component (AddParameter): Name = "Voltage"; Value = "10V"; VariantName = "[No Variations]"
Added Component: Designator=C23(C_1206)
Add component (AddParameter): Name = "Casing"; Value = "1206"; VariantName = "[No Variations]"
Add component (AddParameter): Name = "Dielectric"; Value = "X5R"; VariantName = "[No Variations]"
Add component (AddParameter): Name = "Technology"; Value = "Ceramic"; VariantName = "[No Variations]"
Add component (AddParameter): Name = "Tolerance"; Value = "20%"; VariantName = "[No Variations]"
Add component (AddParameter): Name = "Value"; Value = "22u"; VariantName = "[No Variations]"
Add component (AddParameter): Name = "Voltage"; Value = "10V"; VariantName = "[No Variations]"
Added Component: Designator=C24(CAP_PKPZ_10X12P5_LOW_RUB)
Add component (AddParameter): Name = "Casing"; Value = ""; VariantName = "[No Variations]"
Add component (AddParameter): Name = "Dielectric"; Value = ""; VariantName = "[No Variations]"
Add component (AddParameter): Name = "Technology"; Value = ""; VariantName = "[No Variations]"
Add component (AddParameter): Name = "Tolerance"; Value = "20%"; VariantName = "[No Variations]"
Add component (AddParameter): Name = "Value"; Value = "470u"; VariantName = "[No Variations]"
Add component (AddParameter): Name = "Voltage"; Value = "35V"; VariantName = "[No Variations]"
Added Component: Designator=C25(C_0603)
Add component (AddParameter): Name = "Casing"; Value = "0603"; VariantName = "[No Variations]"
Add component (AddParameter): Name = "Dielectric"; Value = "X5R"; VariantName = "[No Variations]"
Add component (AddParameter): Name = "Technology"; Value = "Ceramic"; VariantName = "[No Variations]"
Add component (AddParameter): Name = "Tolerance"; Value = "10%"; VariantName = "[No Variations]"
Add component (AddParameter): Name = "Value"; Value = "22n"; VariantName = "[No Variations]"
Add component (AddParameter): Name = "Voltage"; Value = "25V"; VariantName = "[No Variations]"
Added Component: Designator=C26(C_0603)
Add component (AddParameter): Name = "Casing"; Value = "0603"; VariantName = "[No Variations]"
Add component (AddParameter): Name = "Dielectric"; Value = "X5R"; VariantName = "[No Variations]"
Add component (AddParameter): Name = "Technology"; Value = "Ceramic"; VariantName = "[No Variations]"
Add component (AddParameter): Name = "Tolerance"; Value = "10%"; VariantName = "[No Variations]"
Add component (AddParameter): Name = "Value"; Value = "22n"; VariantName = "[No Variations]"
Add component (AddParameter): Name = "Voltage"; Value = "25V"; VariantName = "[No Variations]"
Added Component: Designator=C27(C_0603)
Add component (AddParameter): Name = "Casing"; Value = "0603"; VariantName = "[No Variations]"
Add component (AddParameter): Name = "Dielectric"; Value = "X5R"; VariantName = "[No Variations]"
Add component (AddParameter): Name = "Technology"; Value = "Ceramic"; VariantName = "[No Variations]"
Add component (AddParameter): Name = "Tolerance"; Value = "10%"; VariantName = "[No Variations]"
Add component (AddParameter): Name = "Value"; Value = "22n"; VariantName = "[No Variations]"
Add component (AddParameter): Name = "Voltage"; Value = "25V"; VariantName = "[No Variations]"
Added Component: Designator=C28(C_0603)
Add component (AddParameter): Name = "Casing"; Value = "0603"; VariantName = "[No Variations]"
Add component (AddParameter): Name = "Dielectric"; Value = "X5R"; VariantName = "[No Variations]"
Add component (AddParameter): Name = "Technology"; Value = "Ceramic"; VariantName = "[No Variations]"
Add component (AddParameter): Name = "Tolerance"; Value = "10%"; VariantName = "[No Variations]"
Add component (AddParameter): Name = "Value"; Value = "22n"; VariantName = "[No Variations]"
Add component (AddParameter): Name = "Voltage"; Value = "25V"; VariantName = "[No Variations]"
Added Component: Designator=C29(C_1206)
Add component (AddParameter): Name = "Casing"; Value = "1206"; VariantName = "[No Variations]"
Add component (AddParameter): Name = "Dielectric"; Value = "X7R"; VariantName = "[No Variations]"
Add component (AddParameter): Name = "Technology"; Value = "Ceramic"; VariantName = "[No Variations]"
Add component (AddParameter): Name = "Tolerance"; Value = "20%"; VariantName = "[No Variations]"
Add component (AddParameter): Name = "Value"; Value = "22u"; VariantName = "[No Variations]"
Add component (AddParameter): Name = "Voltage"; Value = "25V"; VariantName = "[No Variations]"
Added Component: Designator=C30(C_0603)
Add component (AddParameter): Name = "Casing"; Value = "0603"; VariantName = "[No Variations]"
Add component (AddParameter): Name = "Dielectric"; Value = "X7R"; VariantName = "[No Variations]"
Add component (AddParameter): Name = "Technology"; Value = "Ceramic"; VariantName = "[No Variations]"
Add component (AddParameter): Name = "Tolerance"; Value = "10%"; VariantName = "[No Variations]"
Add component (AddParameter): Name = "Value"; Value = "1u"; VariantName = "[No Variations]"
Add component (AddParameter): Name = "Voltage"; Value = "10V"; VariantName = "[No Variations]"
Added Component: Designator=C31_U_PowerIO_1(CAP_PKPZ_10X12P5_LOW_RUB)
Add component (AddParameter): Name = "Casing"; Value = ""; VariantName = "[No Variations]"
Add component (AddParameter): Name = "Dielectric"; Value = ""; VariantName = "[No Variations]"
Add component (AddParameter): Name = "Technology"; Value = ""; VariantName = "[No Variations]"
Add component (AddParameter): Name = "Tolerance"; Value = "20%"; VariantName = "[No Variations]"
Add component (AddParameter): Name = "Value"; Value = "470u"; VariantName = "[No Variations]"
Add component (AddParameter): Name = "Voltage"; Value = "35V"; VariantName = "[No Variations]"
Added Component: Designator=C31_U_PowerIO_2(CAP_PKPZ_10X12P5_LOW_RUB)
Add component (AddParameter): Name = "Casing"; Value = ""; VariantName = "[No Variations]"
Add component (AddParameter): Name = "Dielectric"; Value = ""; VariantName = "[No Variations]"
Add component (AddParameter): Name = "Technology"; Value = ""; VariantName = "[No Variations]"
Add component (AddParameter): Name = "Tolerance"; Value = "20%"; VariantName = "[No Variations]"
Add component (AddParameter): Name = "Value"; Value = "470u"; VariantName = "[No Variations]"
Add component (AddParameter): Name = "Voltage"; Value = "35V"; VariantName = "[No Variations]"
Added Component: Designator=C32_U_PowerIO_1(C_0603)
Add component (AddParameter): Name = "Casing"; Value = "0603"; VariantName = "[No Variations]"
Add component (AddParameter): Name = "Dielectric"; Value = "XR7"; VariantName = "[No Variations]"
Add component (AddParameter): Name = "Technology"; Value = "Ceramic"; VariantName = "[No Variations]"
Add component (AddParameter): Name = "Tolerance"; Value = "10%"; VariantName = "[No Variations]"
Add component (AddParameter): Name = "Value"; Value = "1u"; VariantName = "[No Variations]"
Add component (AddParameter): Name = "Voltage"; Value = "25V"; VariantName = "[No Variations]"
Added Component: Designator=C32_U_PowerIO_2(C_0603)
Add component (AddParameter): Name = "Casing"; Value = "0603"; VariantName = "[No Variations]"
Add component (AddParameter): Name = "Dielectric"; Value = "XR7"; VariantName = "[No Variations]"
Add component (AddParameter): Name = "Technology"; Value = "Ceramic"; VariantName = "[No Variations]"
Add component (AddParameter): Name = "Tolerance"; Value = "10%"; VariantName = "[No Variations]"
Add component (AddParameter): Name = "Value"; Value = "1u"; VariantName = "[No Variations]"
Add component (AddParameter): Name = "Voltage"; Value = "25V"; VariantName = "[No Variations]"
Added Component: Designator=C33_U_PowerIO_1(0603_CAP)
Add component (AddParameter): Name = "Casing"; Value = "0603"; VariantName = "[No Variations]"
Add component (AddParameter): Name = "Dielectrtic"; Value = "X7R"; VariantName = "[No Variations]"
Add component (AddParameter): Name = "Tolerance"; Value = "5%"; VariantName = "[No Variations]"
Add component (AddParameter): Name = "Value"; Value = "10nF"; VariantName = "[No Variations]"
Add component (AddParameter): Name = "Voltage"; Value = "25V"; VariantName = "[No Variations]"
Added Component: Designator=C33_U_PowerIO_2(0603_CAP)
Add component (AddParameter): Name = "Casing"; Value = "0603"; VariantName = "[No Variations]"
Add component (AddParameter): Name = "Dielectrtic"; Value = "X7R"; VariantName = "[No Variations]"
Add component (AddParameter): Name = "Tolerance"; Value = "5%"; VariantName = "[No Variations]"
Add component (AddParameter): Name = "Value"; Value = "10nF"; VariantName = "[No Variations]"
Add component (AddParameter): Name = "Voltage"; Value = "25V"; VariantName = "[No Variations]"
Added Component: Designator=C34_U_PowerIO_1(C_0603)
Add component (AddParameter): Name = "Casing"; Value = "0603"; VariantName = "[No Variations]"
Add component (AddParameter): Name = "Dielectric"; Value = "X7R"; VariantName = "[No Variations]"
Add component (AddParameter): Name = "Technology"; Value = "Ceramic"; VariantName = "[No Variations]"
Add component (AddParameter): Name = "Tolerance"; Value = "10%"; VariantName = "[No Variations]"
Add component (AddParameter): Name = "Value"; Value = "1u"; VariantName = "[No Variations]"
Add component (AddParameter): Name = "Voltage"; Value = "10V"; VariantName = "[No Variations]"
Added Component: Designator=C34_U_PowerIO_2(C_0603)
Add component (AddParameter): Name = "Casing"; Value = "0603"; VariantName = "[No Variations]"
Add component (AddParameter): Name = "Dielectric"; Value = "X7R"; VariantName = "[No Variations]"
Add component (AddParameter): Name = "Technology"; Value = "Ceramic"; VariantName = "[No Variations]"
Add component (AddParameter): Name = "Tolerance"; Value = "10%"; VariantName = "[No Variations]"
Add component (AddParameter): Name = "Value"; Value = "1u"; VariantName = "[No Variations]"
Add component (AddParameter): Name = "Voltage"; Value = "10V"; VariantName = "[No Variations]"
Added Component: Designator=C35_U_PowerIO_1(C_0603)
Add component (AddParameter): Name = "Casing"; Value = "0603"; VariantName = "[No Variations]"
Add component (AddParameter): Name = "Dielectric"; Value = "X7R"; VariantName = "[No Variations]"
Add component (AddParameter): Name = "Technology"; Value = "Ceramic"; VariantName = "[No Variations]"
Add component (AddParameter): Name = "Tolerance"; Value = "10%"; VariantName = "[No Variations]"
Add component (AddParameter): Name = "Value"; Value = "100n"; VariantName = "[No Variations]"
Add component (AddParameter): Name = "Voltage"; Value = "25V"; VariantName = "[No Variations]"
Added Component: Designator=C35_U_PowerIO_2(C_0603)
Add component (AddParameter): Name = "Casing"; Value = "0603"; VariantName = "[No Variations]"
Add component (AddParameter): Name = "Dielectric"; Value = "X7R"; VariantName = "[No Variations]"
Add component (AddParameter): Name = "Technology"; Value = "Ceramic"; VariantName = "[No Variations]"
Add component (AddParameter): Name = "Tolerance"; Value = "10%"; VariantName = "[No Variations]"
Add component (AddParameter): Name = "Value"; Value = "100n"; VariantName = "[No Variations]"
Add component (AddParameter): Name = "Voltage"; Value = "25V"; VariantName = "[No Variations]"
Added Component: Designator=C36_U_PowerIO_1(C_0603)
Add component (AddParameter): Name = "Casing"; Value = "0603"; VariantName = "[No Variations]"
Add component (AddParameter): Name = "Dielectric"; Value = "X7R"; VariantName = "[No Variations]"
Add component (AddParameter): Name = "Technology"; Value = "Ceramic"; VariantName = "[No Variations]"
Add component (AddParameter): Name = "Tolerance"; Value = "10%"; VariantName = "[No Variations]"
Add component (AddParameter): Name = "Value"; Value = "1u"; VariantName = "[No Variations]"
Add component (AddParameter): Name = "Voltage"; Value = "10V"; VariantName = "[No Variations]"
Added Component: Designator=C36_U_PowerIO_2(C_0603)
Add component (AddParameter): Name = "Casing"; Value = "0603"; VariantName = "[No Variations]"
Add component (AddParameter): Name = "Dielectric"; Value = "X7R"; VariantName = "[No Variations]"
Add component (AddParameter): Name = "Technology"; Value = "Ceramic"; VariantName = "[No Variations]"
Add component (AddParameter): Name = "Tolerance"; Value = "10%"; VariantName = "[No Variations]"
Add component (AddParameter): Name = "Value"; Value = "1u"; VariantName = "[No Variations]"
Add component (AddParameter): Name = "Voltage"; Value = "10V"; VariantName = "[No Variations]"
Added Component: Designator=C37(C_0603)
Add component (AddParameter): Name = "Casing"; Value = "0603"; VariantName = "[No Variations]"
Add component (AddParameter): Name = "Dielectric"; Value = "X7R"; VariantName = "[No Variations]"
Add component (AddParameter): Name = "Technology"; Value = "Ceramic"; VariantName = "[No Variations]"
Add component (AddParameter): Name = "Tolerance"; Value = "10%"; VariantName = "[No Variations]"
Add component (AddParameter): Name = "Value"; Value = "1u"; VariantName = "[No Variations]"
Add component (AddParameter): Name = "Voltage"; Value = "10V"; VariantName = "[No Variations]"
Added Component: Designator=C38(CAP_PKPZ_10X12P5_LOW_RUB)
Add component (AddParameter): Name = "Casing"; Value = ""; VariantName = "[No Variations]"
Add component (AddParameter): Name = "Dielectric"; Value = ""; VariantName = "[No Variations]"
Add component (AddParameter): Name = "Technology"; Value = ""; VariantName = "[No Variations]"
Add component (AddParameter): Name = "Tolerance"; Value = "20%"; VariantName = "[No Variations]"
Add component (AddParameter): Name = "Value"; Value = "470u"; VariantName = "[No Variations]"
Add component (AddParameter): Name = "Voltage"; Value = "35V"; VariantName = "[No Variations]"
Added Component: Designator=C39(C_0603)
Add component (AddParameter): Name = "Casing"; Value = "0603"; VariantName = "[No Variations]"
Add component (AddParameter): Name = "Dielectric"; Value = "X7R"; VariantName = "[No Variations]"
Add component (AddParameter): Name = "Technology"; Value = "Ceramic"; VariantName = "[No Variations]"
Add component (AddParameter): Name = "Tolerance"; Value = "10%"; VariantName = "[No Variations]"
Add component (AddParameter): Name = "Value"; Value = "100n"; VariantName = "[No Variations]"
Add component (AddParameter): Name = "Voltage"; Value = "25V"; VariantName = "[No Variations]"
Added Component: Designator=C40(C_0805)
Add component (AddParameter): Name = "Casing"; Value = "0805"; VariantName = "[No Variations]"
Add component (AddParameter): Name = "Dielectric"; Value = "X5R"; VariantName = "[No Variations]"
Add component (AddParameter): Name = "Technology"; Value = "Ceramic"; VariantName = "[No Variations]"
Add component (AddParameter): Name = "Tolerance"; Value = "10%"; VariantName = "[No Variations]"
Add component (AddParameter): Name = "Value"; Value = "10u"; VariantName = "[No Variations]"
Add component (AddParameter): Name = "Voltage"; Value = "10V"; VariantName = "[No Variations]"
Added Component: Designator=C41(C_0805)
Add component (AddParameter): Name = "Casing"; Value = "0805"; VariantName = "[No Variations]"
Add component (AddParameter): Name = "Dielectric"; Value = "X5R"; VariantName = "[No Variations]"
Add component (AddParameter): Name = "Technology"; Value = "Ceramic"; VariantName = "[No Variations]"
Add component (AddParameter): Name = "Tolerance"; Value = "10%"; VariantName = "[No Variations]"
Add component (AddParameter): Name = "Value"; Value = "10u"; VariantName = "[No Variations]"
Add component (AddParameter): Name = "Voltage"; Value = "10V"; VariantName = "[No Variations]"
Added Component: Designator=C42(C_0603)
Add component (AddParameter): Name = "Casing"; Value = "0603"; VariantName = "[No Variations]"
Add component (AddParameter): Name = "Dielectric"; Value = "X7R"; VariantName = "[No Variations]"
Add component (AddParameter): Name = "Technology"; Value = "Ceramic"; VariantName = "[No Variations]"
Add component (AddParameter): Name = "Tolerance"; Value = "10%"; VariantName = "[No Variations]"
Add component (AddParameter): Name = "Value"; Value = "100n"; VariantName = "[No Variations]"
Add component (AddParameter): Name = "Voltage"; Value = "10V"; VariantName = "[No Variations]"
Added Component: Designator=C43(C_0603)
Add component (AddParameter): Name = "Casing"; Value = "0603"; VariantName = "[No Variations]"
Add component (AddParameter): Name = "Dielectric"; Value = "X7R"; VariantName = "[No Variations]"
Add component (AddParameter): Name = "Technology"; Value = "Ceramic"; VariantName = "[No Variations]"
Add component (AddParameter): Name = "Tolerance"; Value = "10%"; VariantName = "[No Variations]"
Add component (AddParameter): Name = "Value"; Value = "1u"; VariantName = "[No Variations]"
Add component (AddParameter): Name = "Voltage"; Value = "10V"; VariantName = "[No Variations]"
Added Component: Designator=C44(C_0603)
Add component (AddParameter): Name = "Casing"; Value = "0603"; VariantName = "[No Variations]"
Add component (AddParameter): Name = "Dielectric"; Value = "X7R"; VariantName = "[No Variations]"
Add component (AddParameter): Name = "Technology"; Value = "Ceramic"; VariantName = "[No Variations]"
Add component (AddParameter): Name = "Tolerance"; Value = "10%"; VariantName = "[No Variations]"
Add component (AddParameter): Name = "Value"; Value = "100n"; VariantName = "[No Variations]"
Add component (AddParameter): Name = "Voltage"; Value = "25V"; VariantName = "[No Variations]"
Added Component: Designator=C45(C_0603)
Add component (AddParameter): Name = "Casing"; Value = "0603"; VariantName = "[No Variations]"
Add component (AddParameter): Name = "Dielectric"; Value = "X7R"; VariantName = "[No Variations]"
Add component (AddParameter): Name = "Technology"; Value = "Ceramic"; VariantName = "[No Variations]"
Add component (AddParameter): Name = "Tolerance"; Value = "10%"; VariantName = "[No Variations]"
Add component (AddParameter): Name = "Value"; Value = "1u"; VariantName = "[No Variations]"
Add component (AddParameter): Name = "Voltage"; Value = "10V"; VariantName = "[No Variations]"
Added Component: Designator=C46(C_0603)
Add component (AddParameter): Name = "Casing"; Value = "0603"; VariantName = "[No Variations]"
Add component (AddParameter): Name = "Dielectric"; Value = "X7R"; VariantName = "[No Variations]"
Add component (AddParameter): Name = "Technology"; Value = "Ceramic"; VariantName = "[No Variations]"
Add component (AddParameter): Name = "Tolerance"; Value = "10%"; VariantName = "[No Variations]"
Add component (AddParameter): Name = "Value"; Value = "1u"; VariantName = "[No Variations]"
Add component (AddParameter): Name = "Voltage"; Value = "10V"; VariantName = "[No Variations]"
Added Component: Designator=C47_U_MuxVM_1(CAP_PKPZ_10X12P5_LOW_RUB)
Add component (AddParameter): Name = "Casing"; Value = ""; VariantName = "[No Variations]"
Add component (AddParameter): Name = "Dielectric"; Value = ""; VariantName = "[No Variations]"
Add component (AddParameter): Name = "Technology"; Value = ""; VariantName = "[No Variations]"
Add component (AddParameter): Name = "Tolerance"; Value = "20%"; VariantName = "[No Variations]"
Add component (AddParameter): Name = "Value"; Value = "470u"; VariantName = "[No Variations]"
Add component (AddParameter): Name = "Voltage"; Value = "35V"; VariantName = "[No Variations]"
Added Component: Designator=C47_U_MuxVM_2(CAP_PKPZ_10X12P5_LOW_RUB)
Add component (AddParameter): Name = "Casing"; Value = ""; VariantName = "[No Variations]"
Add component (AddParameter): Name = "Dielectric"; Value = ""; VariantName = "[No Variations]"
Add component (AddParameter): Name = "Technology"; Value = ""; VariantName = "[No Variations]"
Add component (AddParameter): Name = "Tolerance"; Value = "20%"; VariantName = "[No Variations]"
Add component (AddParameter): Name = "Value"; Value = "470u"; VariantName = "[No Variations]"
Add component (AddParameter): Name = "Voltage"; Value = "35V"; VariantName = "[No Variations]"
Added Component: Designator=C48_U_MuxVM_1(C_0603)
Add component (AddParameter): Name = "Casing"; Value = "0603"; VariantName = "[No Variations]"
Add component (AddParameter): Name = "Dielectric"; Value = "XR7"; VariantName = "[No Variations]"
Add component (AddParameter): Name = "Technology"; Value = "Ceramic"; VariantName = "[No Variations]"
Add component (AddParameter): Name = "Tolerance"; Value = "10%"; VariantName = "[No Variations]"
Add component (AddParameter): Name = "Value"; Value = "1u"; VariantName = "[No Variations]"
Add component (AddParameter): Name = "Voltage"; Value = "25V"; VariantName = "[No Variations]"
Added Component: Designator=C48_U_MuxVM_2(C_0603)
Add component (AddParameter): Name = "Casing"; Value = "0603"; VariantName = "[No Variations]"
Add component (AddParameter): Name = "Dielectric"; Value = "XR7"; VariantName = "[No Variations]"
Add component (AddParameter): Name = "Technology"; Value = "Ceramic"; VariantName = "[No Variations]"
Add component (AddParameter): Name = "Tolerance"; Value = "10%"; VariantName = "[No Variations]"
Add component (AddParameter): Name = "Value"; Value = "1u"; VariantName = "[No Variations]"
Add component (AddParameter): Name = "Voltage"; Value = "25V"; VariantName = "[No Variations]"
Added Component: Designator=C49_U_MuxVM_1(C_0603)
Add component (AddParameter): Name = "Casing"; Value = "0603"; VariantName = "[No Variations]"
Add component (AddParameter): Name = "Dielectric"; Value = "XR7"; VariantName = "[No Variations]"
Add component (AddParameter): Name = "Technology"; Value = "Ceramic"; VariantName = "[No Variations]"
Add component (AddParameter): Name = "Tolerance"; Value = "10%"; VariantName = "[No Variations]"
Add component (AddParameter): Name = "Value"; Value = "3n3"; VariantName = "[No Variations]"
Add component (AddParameter): Name = "Voltage"; Value = "25V"; VariantName = "[No Variations]"
Added Component: Designator=C49_U_MuxVM_2(C_0603)
Add component (AddParameter): Name = "Casing"; Value = "0603"; VariantName = "[No Variations]"
Add component (AddParameter): Name = "Dielectric"; Value = "XR7"; VariantName = "[No Variations]"
Add component (AddParameter): Name = "Technology"; Value = "Ceramic"; VariantName = "[No Variations]"
Add component (AddParameter): Name = "Tolerance"; Value = "10%"; VariantName = "[No Variations]"
Add component (AddParameter): Name = "Value"; Value = "3n3"; VariantName = "[No Variations]"
Add component (AddParameter): Name = "Voltage"; Value = "25V"; VariantName = "[No Variations]"
Added Component: Designator=C50_U_MuxVM_1(CAP_PKPZ_10X12P5_LOW_RUB)
Add component (AddParameter): Name = "Casing"; Value = ""; VariantName = "[No Variations]"
Add component (AddParameter): Name = "Dielectric"; Value = ""; VariantName = "[No Variations]"
Add component (AddParameter): Name = "Technology"; Value = ""; VariantName = "[No Variations]"
Add component (AddParameter): Name = "Tolerance"; Value = "20%"; VariantName = "[No Variations]"
Add component (AddParameter): Name = "Value"; Value = "470u"; VariantName = "[No Variations]"
Add component (AddParameter): Name = "Voltage"; Value = "35V"; VariantName = "[No Variations]"
Added Component: Designator=C50_U_MuxVM_2(CAP_PKPZ_10X12P5_LOW_RUB)
Add component (AddParameter): Name = "Casing"; Value = ""; VariantName = "[No Variations]"
Add component (AddParameter): Name = "Dielectric"; Value = ""; VariantName = "[No Variations]"
Add component (AddParameter): Name = "Technology"; Value = ""; VariantName = "[No Variations]"
Add component (AddParameter): Name = "Tolerance"; Value = "20%"; VariantName = "[No Variations]"
Add component (AddParameter): Name = "Value"; Value = "470u"; VariantName = "[No Variations]"
Add component (AddParameter): Name = "Voltage"; Value = "35V"; VariantName = "[No Variations]"
Added Component: Designator=C51_U_MuxVM_1(C_0603)
Add component (AddParameter): Name = "Casing"; Value = "0603"; VariantName = "[No Variations]"
Add component (AddParameter): Name = "Dielectric"; Value = "XR7"; VariantName = "[No Variations]"
Add component (AddParameter): Name = "Technology"; Value = "Ceramic"; VariantName = "[No Variations]"
Add component (AddParameter): Name = "Tolerance"; Value = "10%"; VariantName = "[No Variations]"
Add component (AddParameter): Name = "Value"; Value = "1u"; VariantName = "[No Variations]"
Add component (AddParameter): Name = "Voltage"; Value = "25V"; VariantName = "[No Variations]"
Added Component: Designator=C51_U_MuxVM_2(C_0603)
Add component (AddParameter): Name = "Casing"; Value = "0603"; VariantName = "[No Variations]"
Add component (AddParameter): Name = "Dielectric"; Value = "XR7"; VariantName = "[No Variations]"
Add component (AddParameter): Name = "Technology"; Value = "Ceramic"; VariantName = "[No Variations]"
Add component (AddParameter): Name = "Tolerance"; Value = "10%"; VariantName = "[No Variations]"
Add component (AddParameter): Name = "Value"; Value = "1u"; VariantName = "[No Variations]"
Add component (AddParameter): Name = "Voltage"; Value = "25V"; VariantName = "[No Variations]"
Added Component: Designator=C52_U_MuxVM_1(C_0603)
Add component (AddParameter): Name = "Casing"; Value = "0603"; VariantName = "[No Variations]"
Add component (AddParameter): Name = "Dielectric"; Value = "XR7"; VariantName = "[No Variations]"
Add component (AddParameter): Name = "Technology"; Value = "Ceramic"; VariantName = "[No Variations]"
Add component (AddParameter): Name = "Tolerance"; Value = "10%"; VariantName = "[No Variations]"
Add component (AddParameter): Name = "Value"; Value = "3n3"; VariantName = "[No Variations]"
Add component (AddParameter): Name = "Voltage"; Value = "25V"; VariantName = "[No Variations]"
Added Component: Designator=C52_U_MuxVM_2(C_0603)
Add component (AddParameter): Name = "Casing"; Value = "0603"; VariantName = "[No Variations]"
Add component (AddParameter): Name = "Dielectric"; Value = "XR7"; VariantName = "[No Variations]"
Add component (AddParameter): Name = "Technology"; Value = "Ceramic"; VariantName = "[No Variations]"
Add component (AddParameter): Name = "Tolerance"; Value = "10%"; VariantName = "[No Variations]"
Add component (AddParameter): Name = "Value"; Value = "3n3"; VariantName = "[No Variations]"
Add component (AddParameter): Name = "Voltage"; Value = "25V"; VariantName = "[No Variations]"
Added Component: Designator=C53(C_1206)
Add component (AddParameter): Name = "Casing"; Value = "1206"; VariantName = "[No Variations]"
Add component (AddParameter): Name = "Dielectric"; Value = "X5R"; VariantName = "[No Variations]"
Add component (AddParameter): Name = "Technology"; Value = "Ceramic"; VariantName = "[No Variations]"
Add component (AddParameter): Name = "Tolerance"; Value = "20%"; VariantName = "[No Variations]"
Add component (AddParameter): Name = "Value"; Value = "22u"; VariantName = "[No Variations]"
Add component (AddParameter): Name = "Voltage"; Value = "10V"; VariantName = "[No Variations]"
Added Component: Designator=C54(C_0603)
Add component (AddParameter): Name = "Casing"; Value = "0603"; VariantName = "[No Variations]"
Add component (AddParameter): Name = "Dielectric"; Value = "X7R"; VariantName = "[No Variations]"
Add component (AddParameter): Name = "Technology"; Value = "Ceramic"; VariantName = "[No Variations]"
Add component (AddParameter): Name = "Tolerance"; Value = "10%"; VariantName = "[No Variations]"
Add component (AddParameter): Name = "Value"; Value = "1u"; VariantName = "[No Variations]"
Add component (AddParameter): Name = "Voltage"; Value = "10V"; VariantName = "[No Variations]"
Added Component: Designator=C55(C_0603)
Add component (AddParameter): Name = "Casing"; Value = "0603"; VariantName = "[No Variations]"
Add component (AddParameter): Name = "Dielectric"; Value = "X7R"; VariantName = "[No Variations]"
Add component (AddParameter): Name = "Technology"; Value = "Ceramic"; VariantName = "[No Variations]"
Add component (AddParameter): Name = "Tolerance"; Value = "10%"; VariantName = "[No Variations]"
Add component (AddParameter): Name = "Value"; Value = "1u"; VariantName = "[No Variations]"
Add component (AddParameter): Name = "Voltage"; Value = "10V"; VariantName = "[No Variations]"
Added Component: Designator=C56(C_0603)
Add component (AddParameter): Name = "Casing"; Value = "0603"; VariantName = "[No Variations]"
Add component (AddParameter): Name = "Dielectric"; Value = "X7R"; VariantName = "[No Variations]"
Add component (AddParameter): Name = "Technology"; Value = "Ceramic"; VariantName = "[No Variations]"
Add component (AddParameter): Name = "Tolerance"; Value = "10%"; VariantName = "[No Variations]"
Add component (AddParameter): Name = "Value"; Value = "1u"; VariantName = "[No Variations]"
Add component (AddParameter): Name = "Voltage"; Value = "10V"; VariantName = "[No Variations]"
Added Component: Designator=C57(C_1206)
Add component (AddParameter): Name = "Casing"; Value = "1206"; VariantName = "[No Variations]"
Add component (AddParameter): Name = "Dielectric"; Value = "X5R"; VariantName = "[No Variations]"
Add component (AddParameter): Name = "Technology"; Value = "Ceramic"; VariantName = "[No Variations]"
Add component (AddParameter): Name = "Tolerance"; Value = "20%"; VariantName = "[No Variations]"
Add component (AddParameter): Name = "Value"; Value = "22u"; VariantName = "[No Variations]"
Add component (AddParameter): Name = "Voltage"; Value = "10V"; VariantName = "[No Variations]"
Added Component: Designator=C58(C_0603)
Add component (AddParameter): Name = "Casing"; Value = "0603"; VariantName = "[No Variations]"
Add component (AddParameter): Name = "Dielectric"; Value = "X7R"; VariantName = "[No Variations]"
Add component (AddParameter): Name = "Technology"; Value = "Ceramic"; VariantName = "[No Variations]"
Add component (AddParameter): Name = "Tolerance"; Value = "10%"; VariantName = "[No Variations]"
Add component (AddParameter): Name = "Value"; Value = "1u"; VariantName = "[No Variations]"
Add component (AddParameter): Name = "Voltage"; Value = "10V"; VariantName = "[No Variations]"
Added Component: Designator=C59(C_0603)
Add component (AddParameter): Name = "Casing"; Value = "0603"; VariantName = "[No Variations]"
Add component (AddParameter): Name = "Dielectric"; Value = "X7R"; VariantName = "[No Variations]"
Add component (AddParameter): Name = "Technology"; Value = "Ceramic"; VariantName = "[No Variations]"
Add component (AddParameter): Name = "Tolerance"; Value = "10%"; VariantName = "[No Variations]"
Add component (AddParameter): Name = "Value"; Value = "100n"; VariantName = "[No Variations]"
Add component (AddParameter): Name = "Voltage"; Value = "10V"; VariantName = "[No Variations]"
Added Component: Designator=C60(C_0603)
Add component (AddParameter): Name = "Casing"; Value = "0603"; VariantName = "[No Variations]"
Add component (AddParameter): Name = "Dielectric"; Value = "X7R"; VariantName = "[No Variations]"
Add component (AddParameter): Name = "Technology"; Value = "Ceramic"; VariantName = "[No Variations]"
Add component (AddParameter): Name = "Tolerance"; Value = "10%"; VariantName = "[No Variations]"
Add component (AddParameter): Name = "Value"; Value = "1u"; VariantName = "[No Variations]"
Add component (AddParameter): Name = "Voltage"; Value = "10V"; VariantName = "[No Variations]"
Added Component: Designator=C61(C_0603)
Add component (AddParameter): Name = "Casing"; Value = "0603"; VariantName = "[No Variations]"
Add component (AddParameter): Name = "Dielectric"; Value = "X7R"; VariantName = "[No Variations]"
Add component (AddParameter): Name = "Technology"; Value = "Ceramic"; VariantName = "[No Variations]"
Add component (AddParameter): Name = "Tolerance"; Value = "10%"; VariantName = "[No Variations]"
Add component (AddParameter): Name = "Value"; Value = "1u"; VariantName = "[No Variations]"
Add component (AddParameter): Name = "Voltage"; Value = "10V"; VariantName = "[No Variations]"
Added Component: Designator=C*1_U_DCDCreg5(C_0603)
Add component (AddParameter): Name = "Casing"; Value = "0603"; VariantName = "[No Variations]"
Add component (AddParameter): Name = "Dielectric"; Value = "XR7"; VariantName = "[No Variations]"
Add component (AddParameter): Name = "Technology"; Value = "Ceramic"; VariantName = "[No Variations]"
Add component (AddParameter): Name = "Tolerance"; Value = "10%"; VariantName = "[No Variations]"
Add component (AddParameter): Name = "Value"; Value = "120p"; VariantName = "[No Variations]"
Add component (AddParameter): Name = "Voltage"; Value = "10V"; VariantName = "[No Variations]"
Added Component: Designator=C*1_U_DCDCreg(C_0603)
Add component (AddParameter): Name = "Casing"; Value = "0603"; VariantName = "[No Variations]"
Add component (AddParameter): Name = "Dielectric"; Value = "XR7"; VariantName = "[No Variations]"
Add component (AddParameter): Name = "Technology"; Value = "Ceramic"; VariantName = "[No Variations]"
Add component (AddParameter): Name = "Tolerance"; Value = "10%"; VariantName = "[No Variations]"
Add component (AddParameter): Name = "Value"; Value = "120p"; VariantName = "[No Variations]"
Add component (AddParameter): Name = "Voltage"; Value = "10V"; VariantName = "[No Variations]"
Added Component: Designator=C*2_U_DCDCreg5(C_0603)
Add component (AddParameter): Name = "Casing"; Value = "0603"; VariantName = "[No Variations]"
Add component (AddParameter): Name = "Dielectric"; Value = "X5R"; VariantName = "[No Variations]"
Add component (AddParameter): Name = "Technology"; Value = "Ceramic"; VariantName = "[No Variations]"
Add component (AddParameter): Name = "Tolerance"; Value = "10%"; VariantName = "[No Variations]"
Add component (AddParameter): Name = "Value"; Value = "4u7"; VariantName = "[No Variations]"
Add component (AddParameter): Name = "Voltage"; Value = "16V"; VariantName = "[No Variations]"
Added Component: Designator=C*2_U_DCDCreg(C_0603)
Add component (AddParameter): Name = "Casing"; Value = "0603"; VariantName = "[No Variations]"
Add component (AddParameter): Name = "Dielectric"; Value = "X5R"; VariantName = "[No Variations]"
Add component (AddParameter): Name = "Technology"; Value = "Ceramic"; VariantName = "[No Variations]"
Add component (AddParameter): Name = "Tolerance"; Value = "10%"; VariantName = "[No Variations]"
Add component (AddParameter): Name = "Value"; Value = "4u7"; VariantName = "[No Variations]"
Add component (AddParameter): Name = "Voltage"; Value = "16V"; VariantName = "[No Variations]"
Added Component: Designator=C*3(C_0603)
Add component (AddParameter): Name = "Casing"; Value = "0603"; VariantName = "[No Variations]"
Add component (AddParameter): Name = "Dielectric"; Value = "X7R"; VariantName = "[No Variations]"
Add component (AddParameter): Name = "Technology"; Value = "Ceramic"; VariantName = "[No Variations]"
Add component (AddParameter): Name = "Tolerance"; Value = "10%"; VariantName = "[No Variations]"
Add component (AddParameter): Name = "Value"; Value = "100n"; VariantName = "[No Variations]"
Add component (AddParameter): Name = "Voltage"; Value = "10V"; VariantName = "[No Variations]"
Added Component: Designator=D1(SMBJSeries_LTF)
Add component (AddParameter): Name = "ComponentLink1Description"; Value = "Datasheet"; VariantName = "[No Variations]"
Add component (AddParameter): Name = "ComponentLink1URL"; Value = "https://www.bourns.com/docs/product-datasheets/smbj.pdf"; VariantName = "[No Variations]"
Add component (AddParameter): Name = "ComponentLink2Description"; Value = "Supplier"; VariantName = "[No Variations]"
Add component (AddParameter): Name = "ComponentLink2URL"; Value = "https://www.mouser.pl/ProductDetail/Bourns/SMBJ22A?qs=%252Bf8Cd6aE5bxYX21zv65pDQ%3D%3D"; VariantName = "[No Variations]"
Add component (AddParameter): Name = "Value"; Value = "22V"; VariantName = "[No Variations]"
Added Component: Designator=D2(SMBJSeries_LTF)
Add component (AddParameter): Name = "ComponentLink1Description"; Value = "Datasheet"; VariantName = "[No Variations]"
Add component (AddParameter): Name = "ComponentLink1URL"; Value = "https://www.bourns.com/docs/product-datasheets/smbj.pdf"; VariantName = "[No Variations]"
Add component (AddParameter): Name = "ComponentLink2Description"; Value = "Supplier"; VariantName = "[No Variations]"
Add component (AddParameter): Name = "ComponentLink2URL"; Value = "https://www.mouser.pl/ProductDetail/Bourns/SMBJ22A?qs=%252Bf8Cd6aE5bxYX21zv65pDQ%3D%3D"; VariantName = "[No Variations]"
Add component (AddParameter): Name = "Value"; Value = "22V"; VariantName = "[No Variations]"
Added Component: Designator=D3(LED_0603)
Add component (AddParameter): Name = "Casing"; Value = "0603"; VariantName = "[No Variations]"
Add component (AddParameter): Name = "Color"; Value = "RED"; VariantName = "[No Variations]"
Added Component: Designator=D4(LED_0603)
Add component (AddParameter): Name = "Casing"; Value = "0603"; VariantName = "[No Variations]"
Add component (AddParameter): Name = "Color"; Value = "RED"; VariantName = "[No Variations]"
Added Component: Designator=D5(DIONM5127X229N)
Add component (AddParameter): Name = "Casing"; Value = "SMA (DO-214AC)"; VariantName = "[No Variations]"
Add component (AddParameter): Name = "Reverse standoff voltage"; Value = "20V"; VariantName = "[No Variations]"
Add component (AddParameter): Name = "VFm"; Value = "380mV@1000mA"; VariantName = "[No Variations]"
Added Component: Designator=D6(SMBJSeries_LTF)
Add component (AddParameter): Name = "ComponentLink1Description"; Value = "Datasheet"; VariantName = "[No Variations]"
Add component (AddParameter): Name = "ComponentLink1URL"; Value = "https://www.bourns.com/docs/product-datasheets/smbj.pdf"; VariantName = "[No Variations]"
Add component (AddParameter): Name = "ComponentLink2Description"; Value = "Supplier"; VariantName = "[No Variations]"
Add component (AddParameter): Name = "ComponentLink2URL"; Value = "https://www.mouser.pl/ProductDetail/Bourns/SMBJ22A?qs=%252Bf8Cd6aE5bxYX21zv65pDQ%3D%3D"; VariantName = "[No Variations]"
Add component (AddParameter): Name = "Value"; Value = "22V"; VariantName = "[No Variations]"
Added Component: Designator=D7(SOD2513X115N)
Add component (AddParameter): Name = "Casing"; Value = "SOD-323"; VariantName = "[No Variations]"
Add component (AddParameter): Name = "Power"; Value = "150mW"; VariantName = "[No Variations]"
Add component (AddParameter): Name = "Reverse standoff voltage"; Value = "30V"; VariantName = "[No Variations]"
Add component (AddParameter): Name = "VFm"; Value = "280mV@10mA"; VariantName = "[No Variations]"
Added Component: Designator=D8(SOD2513X115N)
Add component (AddParameter): Name = "Casing"; Value = "SOD-323"; VariantName = "[No Variations]"
Add component (AddParameter): Name = "Power"; Value = "150mW"; VariantName = "[No Variations]"
Add component (AddParameter): Name = "Reverse standoff voltage"; Value = "30V"; VariantName = "[No Variations]"
Add component (AddParameter): Name = "VFm"; Value = "280mV@10mA"; VariantName = "[No Variations]"
Added Component: Designator=D9(SOD2513X115N)
Add component (AddParameter): Name = "Casing"; Value = "SOD-323"; VariantName = "[No Variations]"
Add component (AddParameter): Name = "Power"; Value = "150mW"; VariantName = "[No Variations]"
Add component (AddParameter): Name = "Reverse standoff voltage"; Value = "30V"; VariantName = "[No Variations]"
Add component (AddParameter): Name = "VFm"; Value = "280mV@10mA"; VariantName = "[No Variations]"
Added Component: Designator=D10(SOD2513X115N)
Add component (AddParameter): Name = "Casing"; Value = "SOD-323"; VariantName = "[No Variations]"
Add component (AddParameter): Name = "Power"; Value = "150mW"; VariantName = "[No Variations]"
Add component (AddParameter): Name = "Reverse standoff voltage"; Value = "30V"; VariantName = "[No Variations]"
Add component (AddParameter): Name = "VFm"; Value = "280mV@10mA"; VariantName = "[No Variations]"
Added Component: Designator=D11(SOD2513X115N)
Add component (AddParameter): Name = "Casing"; Value = "SOD-323"; VariantName = "[No Variations]"
Add component (AddParameter): Name = "Power"; Value = "150mW"; VariantName = "[No Variations]"
Add component (AddParameter): Name = "Reverse standoff voltage"; Value = "30V"; VariantName = "[No Variations]"
Add component (AddParameter): Name = "VFm"; Value = "280mV@10mA"; VariantName = "[No Variations]"
Added Component: Designator=D12(SOD2513X115N)
Add component (AddParameter): Name = "Casing"; Value = "SOD-323"; VariantName = "[No Variations]"
Add component (AddParameter): Name = "Power"; Value = "150mW"; VariantName = "[No Variations]"
Add component (AddParameter): Name = "Reverse standoff voltage"; Value = "30V"; VariantName = "[No Variations]"
Add component (AddParameter): Name = "VFm"; Value = "280mV@10mA"; VariantName = "[No Variations]"
Added Component: Designator=D13(SOD2513X115N)
Add component (AddParameter): Name = "Casing"; Value = "SOD-323"; VariantName = "[No Variations]"
Add component (AddParameter): Name = "Power"; Value = "150mW"; VariantName = "[No Variations]"
Add component (AddParameter): Name = "Reverse standoff voltage"; Value = "30V"; VariantName = "[No Variations]"
Add component (AddParameter): Name = "VFm"; Value = "280mV@10mA"; VariantName = "[No Variations]"
Added Component: Designator=D14(SOD2513X115N)
Add component (AddParameter): Name = "Casing"; Value = "SOD-323"; VariantName = "[No Variations]"
Add component (AddParameter): Name = "Power"; Value = "150mW"; VariantName = "[No Variations]"
Add component (AddParameter): Name = "Reverse standoff voltage"; Value = "30V"; VariantName = "[No Variations]"
Add component (AddParameter): Name = "VFm"; Value = "280mV@10mA"; VariantName = "[No Variations]"
Added Component: Designator=D15(SOT23-6L_STM)
Add component (AddParameter): Name = "Copyright"; Value = "Copyright (C) 2025 Ultra Librarian. All rights reserved."; VariantName = "[No Variations]"
Add component (AddParameter): Name = "Manufacturer_Name"; Value = "STMicroelectronics"; VariantName = "[No Variations]"
Add component (AddParameter): Name = "Manufacturer_Part_Number"; Value = "USBLC6-4SC6"; VariantName = "[No Variations]"
Add component (AddParameter): Name = "RefDes"; Value = "RefDes"; VariantName = "[No Variations]"
Add component (AddParameter): Name = "Type"; Value = "Type"; VariantName = "[No Variations]"
Added Component: Designator=D16(SOT23-6L_STM)
Add component (AddParameter): Name = "Copyright"; Value = "Copyright (C) 2025 Ultra Librarian. All rights reserved."; VariantName = "[No Variations]"
Add component (AddParameter): Name = "Manufacturer_Name"; Value = "STMicroelectronics"; VariantName = "[No Variations]"
Add component (AddParameter): Name = "Manufacturer_Part_Number"; Value = "USBLC6-4SC6"; VariantName = "[No Variations]"
Add component (AddParameter): Name = "RefDes"; Value = "RefDes"; VariantName = "[No Variations]"
Add component (AddParameter): Name = "Type"; Value = "Type"; VariantName = "[No Variations]"
Added Component: Designator=D17(SOT23-6L_STM)
Add component (AddParameter): Name = "Copyright"; Value = "Copyright (C) 2025 Ultra Librarian. All rights reserved."; VariantName = "[No Variations]"
Add component (AddParameter): Name = "Manufacturer_Name"; Value = "STMicroelectronics"; VariantName = "[No Variations]"
Add component (AddParameter): Name = "Manufacturer_Part_Number"; Value = "USBLC6-4SC6"; VariantName = "[No Variations]"
Add component (AddParameter): Name = "RefDes"; Value = "RefDes"; VariantName = "[No Variations]"
Add component (AddParameter): Name = "Type"; Value = "Type"; VariantName = "[No Variations]"
Added Component: Designator=D18(SOT23-6L_STM)
Add component (AddParameter): Name = "Copyright"; Value = "Copyright (C) 2025 Ultra Librarian. All rights reserved."; VariantName = "[No Variations]"
Add component (AddParameter): Name = "Manufacturer_Name"; Value = "STMicroelectronics"; VariantName = "[No Variations]"
Add component (AddParameter): Name = "Manufacturer_Part_Number"; Value = "USBLC6-4SC6"; VariantName = "[No Variations]"
Add component (AddParameter): Name = "RefDes"; Value = "RefDes"; VariantName = "[No Variations]"
Add component (AddParameter): Name = "Type"; Value = "Type"; VariantName = "[No Variations]"
Added Component: Designator=D19(SOT23-6L_STM)
Add component (AddParameter): Name = "Copyright"; Value = "Copyright (C) 2025 Ultra Librarian. All rights reserved."; VariantName = "[No Variations]"
Add component (AddParameter): Name = "Manufacturer_Name"; Value = "STMicroelectronics"; VariantName = "[No Variations]"
Add component (AddParameter): Name = "Manufacturer_Part_Number"; Value = "USBLC6-4SC6"; VariantName = "[No Variations]"
Add component (AddParameter): Name = "RefDes"; Value = "RefDes"; VariantName = "[No Variations]"
Add component (AddParameter): Name = "Type"; Value = "Type"; VariantName = "[No Variations]"
Added Component: Designator=D20(LED_0603)
Add component (AddParameter): Name = "Casing"; Value = "0603"; VariantName = "[No Variations]"
Add component (AddParameter): Name = "Color"; Value = "RED"; VariantName = "[No Variations]"
Added Component: Designator=D21(LED_0603)
Add component (AddParameter): Name = "Casing"; Value = "0603"; VariantName = "[No Variations]"
Add component (AddParameter): Name = "Color"; Value = "RED"; VariantName = "[No Variations]"
Added Component: Designator=D22(SOT23-6L_STM)
Add component (AddParameter): Name = "Copyright"; Value = "Copyright (C) 2025 Ultra Librarian. All rights reserved."; VariantName = "[No Variations]"
Add component (AddParameter): Name = "Manufacturer_Name"; Value = "STMicroelectronics"; VariantName = "[No Variations]"
Add component (AddParameter): Name = "Manufacturer_Part_Number"; Value = "USBLC6-4SC6"; VariantName = "[No Variations]"
Add component (AddParameter): Name = "RefDes"; Value = "RefDes"; VariantName = "[No Variations]"
Add component (AddParameter): Name = "Type"; Value = "Type"; VariantName = "[No Variations]"
Added Component: Designator=D23(SOT23-6L_STM)
Add component (AddParameter): Name = "Copyright"; Value = "Copyright (C) 2025 Ultra Librarian. All rights reserved."; VariantName = "[No Variations]"
Add component (AddParameter): Name = "Manufacturer_Name"; Value = "STMicroelectronics"; VariantName = "[No Variations]"
Add component (AddParameter): Name = "Manufacturer_Part_Number"; Value = "USBLC6-4SC6"; VariantName = "[No Variations]"
Add component (AddParameter): Name = "RefDes"; Value = "RefDes"; VariantName = "[No Variations]"
Add component (AddParameter): Name = "Type"; Value = "Type"; VariantName = "[No Variations]"
Added Component: Designator=F2(1812)
Added Component: Designator=F3(RUEF500)
Added Component: Designator=F4(RUEF500)
Added Component: Designator=FB1_U_PowerIO_1(MH2029-300T)
Added Component: Designator=FB1_U_PowerIO_2(MH2029-300T)
Added Component: Designator=FB2_U_PowerIO_1(MH2029-300T)
Added Component: Designator=FB2_U_PowerIO_2(MH2029-300T)
Added Component: Designator=FB3_U_PowerIO_1(MH2029-300T)
Added Component: Designator=FB3_U_PowerIO_2(MH2029-300T)
Added Component: Designator=FB4_U_PowerIO_1(MH2029-300T)
Added Component: Designator=FB4_U_PowerIO_2(MH2029-300T)
Added Component: Designator=J1(CONN_USB4105-xx-A-xxx_GCT)
Add component (AddParameter): Name = "Copyright"; Value = "Copyright (C) 2026 Ultra Librarian. All rights reserved."; VariantName = "[No Variations]"
Add component (AddParameter): Name = "Manufacturer_Name"; Value = "Global Connector Technology"; VariantName = "[No Variations]"
Add component (AddParameter): Name = "Manufacturer_Part_Number"; Value = "USB4105-GF-A-120."; VariantName = "[No Variations]"
Add component (AddParameter): Name = "RefDes"; Value = "RefDes"; VariantName = "[No Variations]"
Add component (AddParameter): Name = "Type"; Value = "USB, DVI, HDMI, Connectors"; VariantName = "[No Variations]"
Added Component: Designator=J2(XT60U-M)
Added Component: Designator=J3(TB00150002BE)
Add component (AddParameter): Name = "Check_prices"; Value = "https://www.snapeda.com/parts/TB001-500-02BE/Same+Sky/view-part/?ref=eda"; VariantName = "[No Variations]"
Add component (AddParameter): Name = "MF"; Value = "Same Sky"; VariantName = "[No Variations]"
Add component (AddParameter): Name = "MP"; Value = "TB001-500-02BE"; VariantName = "[No Variations]"
Add component (AddParameter): Name = "Package"; Value = "None"; VariantName = "[No Variations]"
Add component (AddParameter): Name = "SnapEDA_Link"; Value = "https://www.snapeda.com/parts/TB001-500-02BE/Same+Sky/view-part/?ref=snap"; VariantName = "[No Variations]"
Add component (AddParameter): Name = "Value"; Value = ""; VariantName = "[No Variations]"
Added Component: Designator=J4(TB00150002BE)
Add component (AddParameter): Name = "Check_prices"; Value = "https://www.snapeda.com/parts/TB001-500-02BE/Same+Sky/view-part/?ref=eda"; VariantName = "[No Variations]"
Add component (AddParameter): Name = "MF"; Value = "Same Sky"; VariantName = "[No Variations]"
Add component (AddParameter): Name = "MP"; Value = "TB001-500-02BE"; VariantName = "[No Variations]"
Add component (AddParameter): Name = "Package"; Value = "None"; VariantName = "[No Variations]"
Add component (AddParameter): Name = "SnapEDA_Link"; Value = "https://www.snapeda.com/parts/TB001-500-02BE/Same+Sky/view-part/?ref=snap"; VariantName = "[No Variations]"
Add component (AddParameter): Name = "Value"; Value = ""; VariantName = "[No Variations]"
Added Component: Designator=J5(TB00150002BE)
Add component (AddParameter): Name = "Check_prices"; Value = "https://www.snapeda.com/parts/TB001-500-02BE/Same+Sky/view-part/?ref=eda"; VariantName = "[No Variations]"
Add component (AddParameter): Name = "MF"; Value = "Same Sky"; VariantName = "[No Variations]"
Add component (AddParameter): Name = "MP"; Value = "TB001-500-02BE"; VariantName = "[No Variations]"
Add component (AddParameter): Name = "Package"; Value = "None"; VariantName = "[No Variations]"
Add component (AddParameter): Name = "SnapEDA_Link"; Value = "https://www.snapeda.com/parts/TB001-500-02BE/Same+Sky/view-part/?ref=snap"; VariantName = "[No Variations]"
Add component (AddParameter): Name = "Value"; Value = ""; VariantName = "[No Variations]"
Added Component: Designator=J6(TB00150002BE)
Add component (AddParameter): Name = "Check_prices"; Value = "https://www.snapeda.com/parts/TB001-500-02BE/Same+Sky/view-part/?ref=eda"; VariantName = "[No Variations]"
Add component (AddParameter): Name = "MF"; Value = "Same Sky"; VariantName = "[No Variations]"
Add component (AddParameter): Name = "MP"; Value = "TB001-500-02BE"; VariantName = "[No Variations]"
Add component (AddParameter): Name = "Package"; Value = "None"; VariantName = "[No Variations]"
Add component (AddParameter): Name = "SnapEDA_Link"; Value = "https://www.snapeda.com/parts/TB001-500-02BE/Same+Sky/view-part/?ref=snap"; VariantName = "[No Variations]"
Add component (AddParameter): Name = "Value"; Value = ""; VariantName = "[No Variations]"
Added Component: Designator=J7_U_PowerIO_1(TB00150002BE)
Add component (AddParameter): Name = "Check_prices"; Value = "https://www.snapeda.com/parts/TB001-500-02BE/Same+Sky/view-part/?ref=eda"; VariantName = "[No Variations]"
Add component (AddParameter): Name = "MF"; Value = "Same Sky"; VariantName = "[No Variations]"
Add component (AddParameter): Name = "MP"; Value = "TB001-500-02BE"; VariantName = "[No Variations]"
Add component (AddParameter): Name = "Package"; Value = "None"; VariantName = "[No Variations]"
Add component (AddParameter): Name = "SnapEDA_Link"; Value = "https://www.snapeda.com/parts/TB001-500-02BE/Same+Sky/view-part/?ref=snap"; VariantName = "[No Variations]"
Add component (AddParameter): Name = "Value"; Value = ""; VariantName = "[No Variations]"
Added Component: Designator=J7_U_PowerIO_2(TB00150002BE)
Add component (AddParameter): Name = "Check_prices"; Value = "https://www.snapeda.com/parts/TB001-500-02BE/Same+Sky/view-part/?ref=eda"; VariantName = "[No Variations]"
Add component (AddParameter): Name = "MF"; Value = "Same Sky"; VariantName = "[No Variations]"
Add component (AddParameter): Name = "MP"; Value = "TB001-500-02BE"; VariantName = "[No Variations]"
Add component (AddParameter): Name = "Package"; Value = "None"; VariantName = "[No Variations]"
Add component (AddParameter): Name = "SnapEDA_Link"; Value = "https://www.snapeda.com/parts/TB001-500-02BE/Same+Sky/view-part/?ref=snap"; VariantName = "[No Variations]"
Add component (AddParameter): Name = "Value"; Value = ""; VariantName = "[No Variations]"
Added Component: Designator=J8_U_PowerIO_1(TB00150002BE)
Add component (AddParameter): Name = "Check_prices"; Value = "https://www.snapeda.com/parts/TB001-500-02BE/Same+Sky/view-part/?ref=eda"; VariantName = "[No Variations]"
Add component (AddParameter): Name = "MF"; Value = "Same Sky"; VariantName = "[No Variations]"
Add component (AddParameter): Name = "MP"; Value = "TB001-500-02BE"; VariantName = "[No Variations]"
Add component (AddParameter): Name = "Package"; Value = "None"; VariantName = "[No Variations]"
Add component (AddParameter): Name = "SnapEDA_Link"; Value = "https://www.snapeda.com/parts/TB001-500-02BE/Same+Sky/view-part/?ref=snap"; VariantName = "[No Variations]"
Add component (AddParameter): Name = "Value"; Value = ""; VariantName = "[No Variations]"
Added Component: Designator=J8_U_PowerIO_2(TB00150002BE)
Add component (AddParameter): Name = "Check_prices"; Value = "https://www.snapeda.com/parts/TB001-500-02BE/Same+Sky/view-part/?ref=eda"; VariantName = "[No Variations]"
Add component (AddParameter): Name = "MF"; Value = "Same Sky"; VariantName = "[No Variations]"
Add component (AddParameter): Name = "MP"; Value = "TB001-500-02BE"; VariantName = "[No Variations]"
Add component (AddParameter): Name = "Package"; Value = "None"; VariantName = "[No Variations]"
Add component (AddParameter): Name = "SnapEDA_Link"; Value = "https://www.snapeda.com/parts/TB001-500-02BE/Same+Sky/view-part/?ref=snap"; VariantName = "[No Variations]"
Add component (AddParameter): Name = "Value"; Value = ""; VariantName = "[No Variations]"
Added Component: Designator=J9(goldpin8)
Added Component: Designator=J10(goldpin8)
Added Component: Designator=J11(goldpin8)
Added Component: Designator=J12(goldpin4)
Added Component: Designator=J13(goldpin4)
Added Component: Designator=J14(goldpin8)
Added Component: Designator=J15(TB00150002BE)
Add component (AddParameter): Name = "Check_prices"; Value = "https://www.snapeda.com/parts/TB001-500-02BE/Same+Sky/view-part/?ref=eda"; VariantName = "[No Variations]"
Add component (AddParameter): Name = "MF"; Value = "Same Sky"; VariantName = "[No Variations]"
Add component (AddParameter): Name = "MP"; Value = "TB001-500-02BE"; VariantName = "[No Variations]"
Add component (AddParameter): Name = "Package"; Value = "None"; VariantName = "[No Variations]"
Add component (AddParameter): Name = "SnapEDA_Link"; Value = "https://www.snapeda.com/parts/TB001-500-02BE/Same+Sky/view-part/?ref=snap"; VariantName = "[No Variations]"
Add component (AddParameter): Name = "Value"; Value = ""; VariantName = "[No Variations]"
Added Component: Designator=J16(TB00150002BE)
Add component (AddParameter): Name = "Check_prices"; Value = "https://www.snapeda.com/parts/TB001-500-02BE/Same+Sky/view-part/?ref=eda"; VariantName = "[No Variations]"
Add component (AddParameter): Name = "MF"; Value = "Same Sky"; VariantName = "[No Variations]"
Add component (AddParameter): Name = "MP"; Value = "TB001-500-02BE"; VariantName = "[No Variations]"
Add component (AddParameter): Name = "Package"; Value = "None"; VariantName = "[No Variations]"
Add component (AddParameter): Name = "SnapEDA_Link"; Value = "https://www.snapeda.com/parts/TB001-500-02BE/Same+Sky/view-part/?ref=snap"; VariantName = "[No Variations]"
Add component (AddParameter): Name = "Value"; Value = ""; VariantName = "[No Variations]"
Added Component: Designator=J17(TB00150002BE)
Add component (AddParameter): Name = "Check_prices"; Value = "https://www.snapeda.com/parts/TB001-500-02BE/Same+Sky/view-part/?ref=eda"; VariantName = "[No Variations]"
Add component (AddParameter): Name = "MF"; Value = "Same Sky"; VariantName = "[No Variations]"
Add component (AddParameter): Name = "MP"; Value = "TB001-500-02BE"; VariantName = "[No Variations]"
Add component (AddParameter): Name = "Package"; Value = "None"; VariantName = "[No Variations]"
Add component (AddParameter): Name = "SnapEDA_Link"; Value = "https://www.snapeda.com/parts/TB001-500-02BE/Same+Sky/view-part/?ref=snap"; VariantName = "[No Variations]"
Add component (AddParameter): Name = "Value"; Value = ""; VariantName = "[No Variations]"
Added Component: Designator=J18(TB00150002BE)
Add component (AddParameter): Name = "Check_prices"; Value = "https://www.snapeda.com/parts/TB001-500-02BE/Same+Sky/view-part/?ref=eda"; VariantName = "[No Variations]"
Add component (AddParameter): Name = "MF"; Value = "Same Sky"; VariantName = "[No Variations]"
Add component (AddParameter): Name = "MP"; Value = "TB001-500-02BE"; VariantName = "[No Variations]"
Add component (AddParameter): Name = "Package"; Value = "None"; VariantName = "[No Variations]"
Add component (AddParameter): Name = "SnapEDA_Link"; Value = "https://www.snapeda.com/parts/TB001-500-02BE/Same+Sky/view-part/?ref=snap"; VariantName = "[No Variations]"
Add component (AddParameter): Name = "Value"; Value = ""; VariantName = "[No Variations]"
Added Component: Designator=JP1_U_PowerIO_1(Jumper)
Added Component: Designator=JP1_U_PowerIO_2(Jumper)
Added Component: Designator=JP2_U_PowerIO_1(Jumper)
Added Component: Designator=JP2_U_PowerIO_2(Jumper)
Added Component: Designator=JP3(Jumper)
Added Component: Designator=JP4(Jumper)
Added Component: Designator=JP5(Jumper)
Added Component: Designator=JP6(Jumper)
Added Component: Designator=JP7(Jumper)
Added Component: Designator=JP8(Jumper)
Added Component: Designator=JP9(Jumper)
Added Component: Designator=L1_U_DCDCreg5(SRP1265A-4R7M)
Add component (AddParameter): Name = "IDC"; Value = "10A"; VariantName = "[No Variations]"
Add component (AddParameter): Name = "Tolerance"; Value = "20%"; VariantName = "[No Variations]"
Add component (AddParameter): Name = "Value"; Value = "4u7"; VariantName = "[No Variations]"
Added Component: Designator=L1_U_DCDCreg(SRP1265A-4R7M)
Add component (AddParameter): Name = "IDC"; Value = "10A"; VariantName = "[No Variations]"
Add component (AddParameter): Name = "Tolerance"; Value = "20%"; VariantName = "[No Variations]"
Add component (AddParameter): Name = "Value"; Value = "4u7"; VariantName = "[No Variations]"
Added Component: Designator=L2(DR74-2R2-R)
Add component (AddParameter): Name = "ComponentLink1Description"; Value = "Datasheet"; VariantName = "[No Variations]"
Add component (AddParameter): Name = "ComponentLink1URL"; Value = "https://www.eaton.com/content/dam/eaton/products/electronic-components/resources/data-sheet/eaton-dr-high-power-density-high-efficiency-shielded-drum-core-power-inductors-data-sheet.pdf"; VariantName = "[No Variations]"
Add component (AddParameter): Name = "ComponentLink2Description"; Value = "Supplier"; VariantName = "[No Variations]"
Add component (AddParameter): Name = "ComponentLink2URL"; Value = "https://www.digikey.pl/pl/products/detail/eaton-electronics-division/DR74-2R2-R/667219"; VariantName = "[No Variations]"
Add component (AddParameter): Name = "IDC"; Value = "7.06A"; VariantName = "[No Variations]"
Add component (AddParameter): Name = "Tolerance"; Value = "20%"; VariantName = "[No Variations]"
Add component (AddParameter): Name = "Value"; Value = "2u2"; VariantName = "[No Variations]"
Added Component: Designator=L3(L_1007)
Add component (AddParameter): Name = "Casing"; Value = "1007"; VariantName = "[No Variations]"
Add component (AddParameter): Name = "Idc"; Value = "15"; VariantName = "[No Variations]"
Add component (AddParameter): Name = "Tolerance"; Value = "20"; VariantName = "[No Variations]"
Add component (AddParameter): Name = "Value"; Value = "1mH"; VariantName = "[No Variations]"
Added Component: Designator=L4(L_1007)
Add component (AddParameter): Name = "Casing"; Value = "1007"; VariantName = "[No Variations]"
Add component (AddParameter): Name = "Idc"; Value = "15"; VariantName = "[No Variations]"
Add component (AddParameter): Name = "Tolerance"; Value = "20"; VariantName = "[No Variations]"
Add component (AddParameter): Name = "Value"; Value = "1mH"; VariantName = "[No Variations]"
Added Component: Designator=Q1(PowerDI3333-8)
Add component (AddParameter): Name = "Casing"; Value = "8-PowerVDFN"; VariantName = "[No Variations]"
Added Component: Designator=Q2(PowerDI3333-8)
Add component (AddParameter): Name = "Casing"; Value = "8-PowerVDFN"; VariantName = "[No Variations]"
Added Component: Designator=R1(R_0603)
Add component (AddParameter): Name = "Casing"; Value = "0603"; VariantName = "[No Variations]"
Add component (AddParameter): Name = "Power"; Value = "100mW"; VariantName = "[No Variations]"
Add component (AddParameter): Name = "Tolerance"; Value = "1%"; VariantName = "[No Variations]"
Add component (AddParameter): Name = "Value"; Value = "5k1"; VariantName = "[No Variations]"
Added Component: Designator=R2(R_0603)
Add component (AddParameter): Name = "Casing"; Value = "0603"; VariantName = "[No Variations]"
Add component (AddParameter): Name = "Power"; Value = "100mW"; VariantName = "[No Variations]"
Add component (AddParameter): Name = "Tolerance"; Value = "1%"; VariantName = "[No Variations]"
Add component (AddParameter): Name = "Value"; Value = "5k1"; VariantName = "[No Variations]"
Added Component: Designator=R4(R_0603)
Add component (AddParameter): Name = "Casing"; Value = "0603"; VariantName = "[No Variations]"
Add component (AddParameter): Name = "Power"; Value = "100mW"; VariantName = "[No Variations]"
Add component (AddParameter): Name = "Tolerance"; Value = "1%"; VariantName = "[No Variations]"
Add component (AddParameter): Name = "Value"; Value = "27R"; VariantName = "[No Variations]"
Added Component: Designator=R5(R_0603)
Add component (AddParameter): Name = "Casing"; Value = "0603"; VariantName = "[No Variations]"
Add component (AddParameter): Name = "Power"; Value = "100mW"; VariantName = "[No Variations]"
Add component (AddParameter): Name = "Tolerance"; Value = "1%"; VariantName = "[No Variations]"
Add component (AddParameter): Name = "Value"; Value = "5k1"; VariantName = "[No Variations]"
Added Component: Designator=R6(R_0603)
Add component (AddParameter): Name = "Casing"; Value = "0603"; VariantName = "[No Variations]"
Add component (AddParameter): Name = "Tolerance"; Value = "1%"; VariantName = "[No Variations]"
Add component (AddParameter): Name = "Value"; Value = "10k"; VariantName = "[No Variations]"
Added Component: Designator=R7(R_0603)
Add component (AddParameter): Name = "Casing"; Value = "0603"; VariantName = "[No Variations]"
Add component (AddParameter): Name = "Power"; Value = "100mW"; VariantName = "[No Variations]"
Add component (AddParameter): Name = "Tolerance"; Value = "1%"; VariantName = "[No Variations]"
Add component (AddParameter): Name = "Value"; Value = "5k1"; VariantName = "[No Variations]"
Added Component: Designator=R8(R_0603)
Add component (AddParameter): Name = "Casing"; Value = "0603"; VariantName = "[No Variations]"
Add component (AddParameter): Name = "Power"; Value = "100mW"; VariantName = "[No Variations]"
Add component (AddParameter): Name = "Tolerance"; Value = "1%"; VariantName = "[No Variations]"
Add component (AddParameter): Name = "Value"; Value = "5k1"; VariantName = "[No Variations]"
Added Component: Designator=R9(R_0603)
Add component (AddParameter): Name = "Casing"; Value = "0603"; VariantName = "[No Variations]"
Add component (AddParameter): Name = "Power"; Value = "100mW"; VariantName = "[No Variations]"
Add component (AddParameter): Name = "Tolerance"; Value = "1%"; VariantName = "[No Variations]"
Add component (AddParameter): Name = "Value"; Value = "10k"; VariantName = "[No Variations]"
Added Component: Designator=R10_U_DCDCreg5(R_1206)
Add component (AddParameter): Name = "Casing"; Value = "1206"; VariantName = "[No Variations]"
Add component (AddParameter): Name = "Power"; Value = "250mW"; VariantName = "[No Variations]"
Add component (AddParameter): Name = "Tolerance"; Value = "1%"; VariantName = "[No Variations]"
Add component (AddParameter): Name = "Value"; Value = "10mR"; VariantName = "[No Variations]"
Added Component: Designator=R10_U_DCDCreg(R_1206)
Add component (AddParameter): Name = "Casing"; Value = "1206"; VariantName = "[No Variations]"
Add component (AddParameter): Name = "Power"; Value = "250mW"; VariantName = "[No Variations]"
Add component (AddParameter): Name = "Tolerance"; Value = "1%"; VariantName = "[No Variations]"
Add component (AddParameter): Name = "Value"; Value = "10mR"; VariantName = "[No Variations]"
Added Component: Designator=R11_U_DCDCreg5(R_0603)
Add component (AddParameter): Name = "Casing"; Value = "0603"; VariantName = "[No Variations]"
Add component (AddParameter): Name = "Power"; Value = "100mW"; VariantName = "[No Variations]"
Add component (AddParameter): Name = "Tolerance"; Value = "1%"; VariantName = "[No Variations]"
Add component (AddParameter): Name = "Value"; Value = "100k"; VariantName = "[No Variations]"
Added Component: Designator=R11_U_DCDCreg(R_0603)
Add component (AddParameter): Name = "Casing"; Value = "0603"; VariantName = "[No Variations]"
Add component (AddParameter): Name = "Power"; Value = "100mW"; VariantName = "[No Variations]"
Add component (AddParameter): Name = "Tolerance"; Value = "1%"; VariantName = "[No Variations]"
Add component (AddParameter): Name = "Value"; Value = "100k"; VariantName = "[No Variations]"
Added Component: Designator=R12(R_0603)
Add component (AddParameter): Name = "Casing"; Value = "0603"; VariantName = "[No Variations]"
Add component (AddParameter): Name = "Power"; Value = "100mW"; VariantName = "[No Variations]"
Add component (AddParameter): Name = "Tolerance"; Value = "1%"; VariantName = "[No Variations]"
Add component (AddParameter): Name = "Value"; Value = "48k7"; VariantName = "[No Variations]"
Added Component: Designator=R13(R_0603)
Add component (AddParameter): Name = "Casing"; Value = "0603"; VariantName = "[No Variations]"
Add component (AddParameter): Name = "Power"; Value = "100mW"; VariantName = "[No Variations]"
Add component (AddParameter): Name = "Tolerance"; Value = "1%"; VariantName = "[No Variations]"
Add component (AddParameter): Name = "Value"; Value = "5k1"; VariantName = "[No Variations]"
Added Component: Designator=R14(R_0603)
Add component (AddParameter): Name = "Casing"; Value = "0603"; VariantName = "[No Variations]"
Add component (AddParameter): Name = "Power"; Value = "100mW"; VariantName = "[No Variations]"
Add component (AddParameter): Name = "Tolerance"; Value = "1%"; VariantName = "[No Variations]"
Add component (AddParameter): Name = "Value"; Value = "10k"; VariantName = "[No Variations]"
Added Component: Designator=R15(R_0603)
Add component (AddParameter): Name = "Casing"; Value = "0603"; VariantName = "[No Variations]"
Add component (AddParameter): Name = "Power"; Value = "100mW"; VariantName = "[No Variations]"
Add component (AddParameter): Name = "Tolerance"; Value = "1%"; VariantName = "[No Variations]"
Add component (AddParameter): Name = "Value"; Value = "10k"; VariantName = "[No Variations]"
Added Component: Designator=R16(R_1206)
Add component (AddParameter): Name = "Casing"; Value = "1206"; VariantName = "[No Variations]"
Add component (AddParameter): Name = "Power"; Value = "250mW"; VariantName = "[No Variations]"
Add component (AddParameter): Name = "Tolerance"; Value = "1%"; VariantName = "[No Variations]"
Add component (AddParameter): Name = "Value"; Value = "10mR"; VariantName = "[No Variations]"
Added Component: Designator=R17(R_0603)
Add component (AddParameter): Name = "Casing"; Value = "0603"; VariantName = "[No Variations]"
Add component (AddParameter): Name = "Power"; Value = "100mW"; VariantName = "[No Variations]"
Add component (AddParameter): Name = "Tolerance"; Value = "1%"; VariantName = "[No Variations]"
Add component (AddParameter): Name = "Value"; Value = "470k"; VariantName = "[No Variations]"
Added Component: Designator=R18(R_0603)
Add component (AddParameter): Name = "Casing"; Value = "0603"; VariantName = "[No Variations]"
Add component (AddParameter): Name = "Power"; Value = "100mW"; VariantName = "[No Variations]"
Add component (AddParameter): Name = "Tolerance"; Value = "1%"; VariantName = "[No Variations]"
Add component (AddParameter): Name = "Value"; Value = "R_169k"; VariantName = "[No Variations]"
Added Component: Designator=R19(R_0603)
Add component (AddParameter): Name = "Casing"; Value = "0603"; VariantName = "[No Variations]"
Add component (AddParameter): Name = "Power"; Value = "100mW"; VariantName = "[No Variations]"
Add component (AddParameter): Name = "Tolerance"; Value = "1%"; VariantName = "[No Variations]"
Add component (AddParameter): Name = "Value"; Value = "100k"; VariantName = "[No Variations]"
Added Component: Designator=R20(R_0603)
Add component (AddParameter): Name = "Casing"; Value = "0603"; VariantName = "[No Variations]"
Add component (AddParameter): Name = "Power"; Value = "100mW"; VariantName = "[No Variations]"
Add component (AddParameter): Name = "Tolerance"; Value = "1%"; VariantName = "[No Variations]"
Add component (AddParameter): Name = "Value"; Value = "100R"; VariantName = "[No Variations]"
Added Component: Designator=R21(R_0603)
Add component (AddParameter): Name = "Casing"; Value = "0603"; VariantName = "[No Variations]"
Add component (AddParameter): Name = "Power"; Value = "100mW"; VariantName = "[No Variations]"
Add component (AddParameter): Name = "Tolerance"; Value = "1%"; VariantName = "[No Variations]"
Add component (AddParameter): Name = "Value"; Value = "604R"; VariantName = "[No Variations]"
Added Component: Designator=R22(R_0603)
Add component (AddParameter): Name = "Casing"; Value = "0603"; VariantName = "[No Variations]"
Add component (AddParameter): Name = "Power"; Value = "100mW"; VariantName = "[No Variations]"
Add component (AddParameter): Name = "Tolerance"; Value = "1%"; VariantName = "[No Variations]"
Add component (AddParameter): Name = "Value"; Value = "470k"; VariantName = "[No Variations]"
Added Component: Designator=R23(R_0603)
Add component (AddParameter): Name = "Casing"; Value = "0603"; VariantName = "[No Variations]"
Add component (AddParameter): Name = "Power"; Value = "100mW"; VariantName = "[No Variations]"
Add component (AddParameter): Name = "Tolerance"; Value = "1%"; VariantName = "[No Variations]"
Add component (AddParameter): Name = "Value"; Value = "100k"; VariantName = "[No Variations]"
Added Component: Designator=R24(R_0603)
Add component (AddParameter): Name = "Casing"; Value = "0603"; VariantName = "[No Variations]"
Add component (AddParameter): Name = "Power"; Value = "100mW"; VariantName = "[No Variations]"
Add component (AddParameter): Name = "Tolerance"; Value = "1%"; VariantName = "[No Variations]"
Add component (AddParameter): Name = "Value"; Value = "R_169k"; VariantName = "[No Variations]"
Added Component: Designator=R25(R_0603)
Add component (AddParameter): Name = "Casing"; Value = "0603"; VariantName = "[No Variations]"
Add component (AddParameter): Name = "Power"; Value = "100mW"; VariantName = "[No Variations]"
Add component (AddParameter): Name = "Tolerance"; Value = "1%"; VariantName = "[No Variations]"
Add component (AddParameter): Name = "Value"; Value = "100R"; VariantName = "[No Variations]"
Added Component: Designator=R26(R_0603)
Add component (AddParameter): Name = "Casing"; Value = "0603"; VariantName = "[No Variations]"
Add component (AddParameter): Name = "Power"; Value = "100mW"; VariantName = "[No Variations]"
Add component (AddParameter): Name = "Tolerance"; Value = "1%"; VariantName = "[No Variations]"
Add component (AddParameter): Name = "Value"; Value = "604R"; VariantName = "[No Variations]"
Added Component: Designator=R27_U_PowerIO_1(R_0603)
Add component (AddParameter): Name = "Casing"; Value = "0603"; VariantName = "[No Variations]"
Add component (AddParameter): Name = "Power"; Value = "100mW"; VariantName = "[No Variations]"
Add component (AddParameter): Name = "Tolerance"; Value = "1%"; VariantName = "[No Variations]"
Add component (AddParameter): Name = "Value"; Value = "3k09"; VariantName = "[No Variations]"
Added Component: Designator=R27_U_PowerIO_2(R_0603)
Add component (AddParameter): Name = "Casing"; Value = "0603"; VariantName = "[No Variations]"
Add component (AddParameter): Name = "Power"; Value = "100mW"; VariantName = "[No Variations]"
Add component (AddParameter): Name = "Tolerance"; Value = "1%"; VariantName = "[No Variations]"
Add component (AddParameter): Name = "Value"; Value = "3k09"; VariantName = "[No Variations]"
Added Component: Designator=R28_U_PowerIO_1(R_0603)
Add component (AddParameter): Name = "Casing"; Value = "0603"; VariantName = "[No Variations]"
Add component (AddParameter): Name = "Power"; Value = "100mW"; VariantName = "[No Variations]"
Add component (AddParameter): Name = "Tolerance"; Value = "1%"; VariantName = "[No Variations]"
Add component (AddParameter): Name = "Value"; Value = "3k09"; VariantName = "[No Variations]"
Added Component: Designator=R28_U_PowerIO_2(R_0603)
Add component (AddParameter): Name = "Casing"; Value = "0603"; VariantName = "[No Variations]"
Add component (AddParameter): Name = "Power"; Value = "100mW"; VariantName = "[No Variations]"
Add component (AddParameter): Name = "Tolerance"; Value = "1%"; VariantName = "[No Variations]"
Add component (AddParameter): Name = "Value"; Value = "3k09"; VariantName = "[No Variations]"
Added Component: Designator=R29_U_PowerIO_1(R_0603)
Add component (AddParameter): Name = "Casing"; Value = "0603"; VariantName = "[No Variations]"
Add component (AddParameter): Name = "Power"; Value = "100mW"; VariantName = "[No Variations]"
Add component (AddParameter): Name = "Tolerance"; Value = "1%"; VariantName = "[No Variations]"
Add component (AddParameter): Name = "Value"; Value = "3k09"; VariantName = "[No Variations]"
Added Component: Designator=R29_U_PowerIO_2(R_0603)
Add component (AddParameter): Name = "Casing"; Value = "0603"; VariantName = "[No Variations]"
Add component (AddParameter): Name = "Power"; Value = "100mW"; VariantName = "[No Variations]"
Add component (AddParameter): Name = "Tolerance"; Value = "1%"; VariantName = "[No Variations]"
Add component (AddParameter): Name = "Value"; Value = "3k09"; VariantName = "[No Variations]"
Added Component: Designator=R30_U_PowerIO_1(R_0603)
Add component (AddParameter): Name = "Casing"; Value = "0603"; VariantName = "[No Variations]"
Add component (AddParameter): Name = "Power"; Value = "100mW"; VariantName = "[No Variations]"
Add component (AddParameter): Name = "Tolerance"; Value = "1%"; VariantName = "[No Variations]"
Add component (AddParameter): Name = "Value"; Value = "3k09"; VariantName = "[No Variations]"
Added Component: Designator=R30_U_PowerIO_2(R_0603)
Add component (AddParameter): Name = "Casing"; Value = "0603"; VariantName = "[No Variations]"
Add component (AddParameter): Name = "Power"; Value = "100mW"; VariantName = "[No Variations]"
Add component (AddParameter): Name = "Tolerance"; Value = "1%"; VariantName = "[No Variations]"
Add component (AddParameter): Name = "Value"; Value = "3k09"; VariantName = "[No Variations]"
Added Component: Designator=R31_U_PowerIO_1(R_0603)
Add component (AddParameter): Name = "Casing"; Value = "0603"; VariantName = "[No Variations]"
Add component (AddParameter): Name = "Power"; Value = "100mW"; VariantName = "[No Variations]"
Add component (AddParameter): Name = "Tolerance"; Value = "1%"; VariantName = "[No Variations]"
Add component (AddParameter): Name = "Value"; Value = "10k"; VariantName = "[No Variations]"
Added Component: Designator=R31_U_PowerIO_2(R_0603)
Add component (AddParameter): Name = "Casing"; Value = "0603"; VariantName = "[No Variations]"
Add component (AddParameter): Name = "Power"; Value = "100mW"; VariantName = "[No Variations]"
Add component (AddParameter): Name = "Tolerance"; Value = "1%"; VariantName = "[No Variations]"
Add component (AddParameter): Name = "Value"; Value = "10k"; VariantName = "[No Variations]"
Added Component: Designator=R32(R_0603)
Add component (AddParameter): Name = "Casing"; Value = "0603"; VariantName = "[No Variations]"
Add component (AddParameter): Name = "Power"; Value = "100mW"; VariantName = "[No Variations]"
Add component (AddParameter): Name = "Tolerance"; Value = "1%"; VariantName = "[No Variations]"
Add component (AddParameter): Name = "Value"; Value = "10k"; VariantName = "[No Variations]"
Added Component: Designator=R33(R_0603)
Add component (AddParameter): Name = "Casing"; Value = "0603"; VariantName = "[No Variations]"
Add component (AddParameter): Name = "Power"; Value = "100mW"; VariantName = "[No Variations]"
Add component (AddParameter): Name = "Tolerance"; Value = "1%"; VariantName = "[No Variations]"
Add component (AddParameter): Name = "Value"; Value = "10k"; VariantName = "[No Variations]"
Added Component: Designator=R34(R_0603)
Add component (AddParameter): Name = "Casing"; Value = "0603"; VariantName = "[No Variations]"
Add component (AddParameter): Name = "Power"; Value = "100mW"; VariantName = "[No Variations]"
Add component (AddParameter): Name = "Tolerance"; Value = "1%"; VariantName = "[No Variations]"
Add component (AddParameter): Name = "Value"; Value = "10k"; VariantName = "[No Variations]"
Added Component: Designator=R35(R_0603)
Add component (AddParameter): Name = "Casing"; Value = "0603"; VariantName = "[No Variations]"
Add component (AddParameter): Name = "Power"; Value = "100mW"; VariantName = "[No Variations]"
Add component (AddParameter): Name = "Tolerance"; Value = "1%"; VariantName = "[No Variations]"
Add component (AddParameter): Name = "Value"; Value = "10k"; VariantName = "[No Variations]"
Added Component: Designator=R36(R_0603)
Add component (AddParameter): Name = "Casing"; Value = "0603"; VariantName = "[No Variations]"
Add component (AddParameter): Name = "Power"; Value = "100mW"; VariantName = "[No Variations]"
Add component (AddParameter): Name = "Tolerance"; Value = "1%"; VariantName = "[No Variations]"
Add component (AddParameter): Name = "Value"; Value = "10k"; VariantName = "[No Variations]"
Added Component: Designator=R37(R_0603)
Add component (AddParameter): Name = "Casing"; Value = "0603"; VariantName = "[No Variations]"
Add component (AddParameter): Name = "Power"; Value = "100mW"; VariantName = "[No Variations]"
Add component (AddParameter): Name = "Tolerance"; Value = "1%"; VariantName = "[No Variations]"
Add component (AddParameter): Name = "Value"; Value = "10k"; VariantName = "[No Variations]"
Added Component: Designator=R38(R_0603)
Add component (AddParameter): Name = "Casing"; Value = "0603"; VariantName = "[No Variations]"
Add component (AddParameter): Name = "Power"; Value = "100mW"; VariantName = "[No Variations]"
Add component (AddParameter): Name = "Tolerance"; Value = "1%"; VariantName = "[No Variations]"
Add component (AddParameter): Name = "Value"; Value = "10k"; VariantName = "[No Variations]"
Added Component: Designator=R39(R_0603)
Add component (AddParameter): Name = "Casing"; Value = "0603"; VariantName = "[No Variations]"
Add component (AddParameter): Name = "Power"; Value = "100mW"; VariantName = "[No Variations]"
Add component (AddParameter): Name = "Tolerance"; Value = "1%"; VariantName = "[No Variations]"
Add component (AddParameter): Name = "Value"; Value = "10k"; VariantName = "[No Variations]"
Added Component: Designator=R40(R_0603)
Add component (AddParameter): Name = "Casing"; Value = "0603"; VariantName = "[No Variations]"
Add component (AddParameter): Name = "Power"; Value = "100mW"; VariantName = "[No Variations]"
Add component (AddParameter): Name = "Tolerance"; Value = "1%"; VariantName = "[No Variations]"
Add component (AddParameter): Name = "Value"; Value = "10k"; VariantName = "[No Variations]"
Added Component: Designator=R41(R_0603)
Add component (AddParameter): Name = "Casing"; Value = "0603"; VariantName = "[No Variations]"
Add component (AddParameter): Name = "Power"; Value = "100mW"; VariantName = "[No Variations]"
Add component (AddParameter): Name = "Tolerance"; Value = "1%"; VariantName = "[No Variations]"
Add component (AddParameter): Name = "Value"; Value = "5k1"; VariantName = "[No Variations]"
Added Component: Designator=R42(R_0603)
Add component (AddParameter): Name = "Casing"; Value = "0603"; VariantName = "[No Variations]"
Add component (AddParameter): Name = "Power"; Value = "100mW"; VariantName = "[No Variations]"
Add component (AddParameter): Name = "Tolerance"; Value = "1%"; VariantName = "[No Variations]"
Add component (AddParameter): Name = "Value"; Value = "5k1"; VariantName = "[No Variations]"
Added Component: Designator=R43(R_0603)
Add component (AddParameter): Name = "Casing"; Value = "0603"; VariantName = "[No Variations]"
Add component (AddParameter): Name = "Power"; Value = "100mW"; VariantName = "[No Variations]"
Add component (AddParameter): Name = "Tolerance"; Value = "1%"; VariantName = "[No Variations]"
Add component (AddParameter): Name = "Value"; Value = "10k"; VariantName = "[No Variations]"
Added Component: Designator=R44(R_0603)
Add component (AddParameter): Name = "Casing"; Value = "0603"; VariantName = "[No Variations]"
Add component (AddParameter): Name = "Power"; Value = "100mW"; VariantName = "[No Variations]"
Add component (AddParameter): Name = "Tolerance"; Value = "1%"; VariantName = "[No Variations]"
Add component (AddParameter): Name = "Value"; Value = "5k1"; VariantName = "[No Variations]"
Added Component: Designator=R45(R_0603)
Add component (AddParameter): Name = "Casing"; Value = "0603"; VariantName = "[No Variations]"
Add component (AddParameter): Name = "Power"; Value = "100mW"; VariantName = "[No Variations]"
Add component (AddParameter): Name = "Tolerance"; Value = "1%"; VariantName = "[No Variations]"
Add component (AddParameter): Name = "Value"; Value = "5k1"; VariantName = "[No Variations]"
Added Component: Designator=R46(R_0603)
Add component (AddParameter): Name = "Casing"; Value = "0603"; VariantName = "[No Variations]"
Add component (AddParameter): Name = "Power"; Value = "100mW"; VariantName = "[No Variations]"
Add component (AddParameter): Name = "Tolerance"; Value = "1%"; VariantName = "[No Variations]"
Add component (AddParameter): Name = "Value"; Value = "10k"; VariantName = "[No Variations]"
Added Component: Designator=R47(R_0603)
Add component (AddParameter): Name = "Casing"; Value = "0603"; VariantName = "[No Variations]"
Add component (AddParameter): Name = "Power"; Value = "100mW"; VariantName = "[No Variations]"
Add component (AddParameter): Name = "Tolerance"; Value = "1%"; VariantName = "[No Variations]"
Add component (AddParameter): Name = "Value"; Value = "10k"; VariantName = "[No Variations]"
Added Component: Designator=R48_U_MuxVM_1(R_0603)
Add component (AddParameter): Name = "Casing"; Value = "0603"; VariantName = "[No Variations]"
Add component (AddParameter): Name = "Power"; Value = "100mW"; VariantName = "[No Variations]"
Add component (AddParameter): Name = "Tolerance"; Value = "1%"; VariantName = "[No Variations]"
Add component (AddParameter): Name = "Value"; Value = "549"; VariantName = "[No Variations]"
Added Component: Designator=R48_U_MuxVM_2(R_0603)
Add component (AddParameter): Name = "Casing"; Value = "0603"; VariantName = "[No Variations]"
Add component (AddParameter): Name = "Power"; Value = "100mW"; VariantName = "[No Variations]"
Add component (AddParameter): Name = "Tolerance"; Value = "1%"; VariantName = "[No Variations]"
Add component (AddParameter): Name = "Value"; Value = "549"; VariantName = "[No Variations]"
Added Component: Designator=R49_U_MuxVM_1(R_0603)
Add component (AddParameter): Name = "Casing"; Value = "0603"; VariantName = "[No Variations]"
Add component (AddParameter): Name = "Power"; Value = "100mW"; VariantName = "[No Variations]"
Add component (AddParameter): Name = "Tolerance"; Value = "1%"; VariantName = "[No Variations]"
Add component (AddParameter): Name = "Value"; Value = "549"; VariantName = "[No Variations]"
Added Component: Designator=R49_U_MuxVM_2(R_0603)
Add component (AddParameter): Name = "Casing"; Value = "0603"; VariantName = "[No Variations]"
Add component (AddParameter): Name = "Power"; Value = "100mW"; VariantName = "[No Variations]"
Add component (AddParameter): Name = "Tolerance"; Value = "1%"; VariantName = "[No Variations]"
Add component (AddParameter): Name = "Value"; Value = "549"; VariantName = "[No Variations]"
Add component: Footprint Not Found R_0603
Add component: Footprint Not Found R_0603
Add component: Footprint Not Found R_0603
Add component: Footprint Not Found R_0603
Added Component: Designator=R54(R_0603)
Add component (AddParameter): Name = "Casing"; Value = "0603"; VariantName = "[No Variations]"
Add component (AddParameter): Name = "Power"; Value = "125mW"; VariantName = "[No Variations]"
Add component (AddParameter): Name = "Tolerance"; Value = "0.1%"; VariantName = "[No Variations]"
Add component (AddParameter): Name = "Value"; Value = "10k"; VariantName = "[No Variations]"
Added Component: Designator=R55(R_0603)
Add component (AddParameter): Name = "Casing"; Value = "0603"; VariantName = "[No Variations]"
Add component (AddParameter): Name = "Power"; Value = "125mW"; VariantName = "[No Variations]"
Add component (AddParameter): Name = "Tolerance"; Value = "0.1%"; VariantName = "[No Variations]"
Add component (AddParameter): Name = "Value"; Value = "10k"; VariantName = "[No Variations]"
Added Component: Designator=R56(R_0603)
Add component (AddParameter): Name = "Casing"; Value = "0603"; VariantName = "[No Variations]"
Add component (AddParameter): Name = "Power"; Value = "125mW"; VariantName = "[No Variations]"
Add component (AddParameter): Name = "Tolerance"; Value = "0.1%"; VariantName = "[No Variations]"
Add component (AddParameter): Name = "Value"; Value = "10k"; VariantName = "[No Variations]"
Added Component: Designator=R57(R_0603)
Add component (AddParameter): Name = "Casing"; Value = "0603"; VariantName = "[No Variations]"
Add component (AddParameter): Name = "Power"; Value = "125mW"; VariantName = "[No Variations]"
Add component (AddParameter): Name = "Tolerance"; Value = "0.1%"; VariantName = "[No Variations]"
Add component (AddParameter): Name = "Value"; Value = "10k"; VariantName = "[No Variations]"
Added Component: Designator=R58(R_0603)
Add component (AddParameter): Name = "Casing"; Value = "0603"; VariantName = "[No Variations]"
Add component (AddParameter): Name = "Power"; Value = "125mW"; VariantName = "[No Variations]"
Add component (AddParameter): Name = "Tolerance"; Value = "0.1%"; VariantName = "[No Variations]"
Add component (AddParameter): Name = "Value"; Value = "10k"; VariantName = "[No Variations]"
Added Component: Designator=R59(R_0603)
Add component (AddParameter): Name = "Casing"; Value = "0603"; VariantName = "[No Variations]"
Add component (AddParameter): Name = "Power"; Value = "125mW"; VariantName = "[No Variations]"
Add component (AddParameter): Name = "Tolerance"; Value = "0.1%"; VariantName = "[No Variations]"
Add component (AddParameter): Name = "Value"; Value = "10k"; VariantName = "[No Variations]"
Added Component: Designator=R60(R_0603)
Add component (AddParameter): Name = "Casing"; Value = "0603"; VariantName = "[No Variations]"
Add component (AddParameter): Name = "Power"; Value = "125mW"; VariantName = "[No Variations]"
Add component (AddParameter): Name = "Tolerance"; Value = "0.1%"; VariantName = "[No Variations]"
Add component (AddParameter): Name = "Value"; Value = "10k"; VariantName = "[No Variations]"
Added Component: Designator=R61(R_0603)
Add component (AddParameter): Name = "Casing"; Value = "0603"; VariantName = "[No Variations]"
Add component (AddParameter): Name = "Power"; Value = "125mW"; VariantName = "[No Variations]"
Add component (AddParameter): Name = "Tolerance"; Value = "0.1%"; VariantName = "[No Variations]"
Add component (AddParameter): Name = "Value"; Value = "10k"; VariantName = "[No Variations]"
Add component: Footprint Not Found R_0603
Add component: Footprint Not Found R_0603
Add component: Footprint Not Found R_0603
Add component: Footprint Not Found R_0603
Added Component: Designator=R66(R_0603)
Add component (AddParameter): Name = "Casing"; Value = "0603"; VariantName = "[No Variations]"
Add component (AddParameter): Name = "Power"; Value = "100mW"; VariantName = "[No Variations]"
Add component (AddParameter): Name = "Tolerance"; Value = "1%"; VariantName = "[No Variations]"
Add component (AddParameter): Name = "Value"; Value = "10k"; VariantName = "[No Variations]"
Added Component: Designator=R*1_U_DCDCreg5(R_0603)
Add component (AddParameter): Name = "Casing"; Value = "0603"; VariantName = "[No Variations]"
Add component (AddParameter): Name = "Power"; Value = "100mW"; VariantName = "[No Variations]"
Add component (AddParameter): Name = "Tolerance"; Value = "1%"; VariantName = "[No Variations]"
Add component (AddParameter): Name = "Value"; Value = "27k4"; VariantName = "[No Variations]"
Added Component: Designator=R*1_U_DCDCreg(R_0603)
Add component (AddParameter): Name = "Casing"; Value = "0603"; VariantName = "[No Variations]"
Add component (AddParameter): Name = "Power"; Value = "100mW"; VariantName = "[No Variations]"
Add component (AddParameter): Name = "Tolerance"; Value = "1%"; VariantName = "[No Variations]"
Add component (AddParameter): Name = "Value"; Value = "27k4"; VariantName = "[No Variations]"
Added Component: Designator=R*2_U_DCDCreg5(R_0603)
Add component (AddParameter): Name = "Casing"; Value = "0603"; VariantName = "[No Variations]"
Add component (AddParameter): Name = "Power"; Value = "100mW"; VariantName = "[No Variations]"
Add component (AddParameter): Name = "Tolerance"; Value = "1%"; VariantName = "[No Variations]"
Add component (AddParameter): Name = "Value"; Value = "48k7"; VariantName = "[No Variations]"
Added Component: Designator=R*2_U_DCDCreg(R_0603)
Add component (AddParameter): Name = "Casing"; Value = "0603"; VariantName = "[No Variations]"
Add component (AddParameter): Name = "Power"; Value = "100mW"; VariantName = "[No Variations]"
Add component (AddParameter): Name = "Tolerance"; Value = "1%"; VariantName = "[No Variations]"
Add component (AddParameter): Name = "Value"; Value = "48k7"; VariantName = "[No Variations]"
Added Component: Designator=R*3(R_0603)
Add component (AddParameter): Name = "Casing"; Value = "0603"; VariantName = "[No Variations]"
Add component (AddParameter): Name = "Power"; Value = "100mW"; VariantName = "[No Variations]"
Add component (AddParameter): Name = "Tolerance"; Value = "1%"; VariantName = "[No Variations]"
Add component (AddParameter): Name = "Value"; Value = "3k09"; VariantName = "[No Variations]"
Added Component: Designator=R*4(R_0603)
Add component (AddParameter): Name = "Casing"; Value = "0603"; VariantName = "[No Variations]"
Add component (AddParameter): Name = "Power"; Value = "100mW"; VariantName = "[No Variations]"
Add component (AddParameter): Name = "Tolerance"; Value = "1%"; VariantName = "[No Variations]"
Add component (AddParameter): Name = "Value"; Value = "3k09"; VariantName = "[No Variations]"
Added Component: Designator=SW1(PTS526SK15SMTR2LFS)
Add component (AddParameter): Name = "Copyright"; Value = "Copyright (C) 2026 Ultra Librarian. All rights reserved."; VariantName = "[No Variations]"
Add component (AddParameter): Name = "Manufacturer_Name"; Value = "C&K Components"; VariantName = "[No Variations]"
Add component (AddParameter): Name = "Manufacturer_Part_Number"; Value = "PTS526 SM15 SMTR2 LFS"; VariantName = "[No Variations]"
Add component (AddParameter): Name = "RefDes"; Value = "RefDes"; VariantName = "[No Variations]"
Add component (AddParameter): Name = "Type"; Value = "Type"; VariantName = "[No Variations]"
Added Component: Designator=SW2(PTS526SK15SMTR2LFS)
Add component (AddParameter): Name = "Copyright"; Value = "Copyright (C) 2026 Ultra Librarian. All rights reserved."; VariantName = "[No Variations]"
Add component (AddParameter): Name = "Manufacturer_Name"; Value = "C&K Components"; VariantName = "[No Variations]"
Add component (AddParameter): Name = "Manufacturer_Part_Number"; Value = "PTS526 SM15 SMTR2 LFS"; VariantName = "[No Variations]"
Add component (AddParameter): Name = "RefDes"; Value = "RefDes"; VariantName = "[No Variations]"
Add component (AddParameter): Name = "Type"; Value = "Type"; VariantName = "[No Variations]"
Add component: Footprint Not Found W-QFN4040-24_Type_A1_DIO
Add component: Footprint Not Found DCK0003A-IPC_A
Add component: Footprint Not Found DCK0003A-IPC_A
Added Component: Designator=U4_U_DCDCreg5(RYQ0021A-MFG)
Add component (AddParameter): Name = "ComponentLink1Description"; Value = "Datasheet"; VariantName = "[No Variations]"
Add component (AddParameter): Name = "ComponentLink1URL"; Value = "https://www.ti.com/lit/ds/symlink/tps55289.pdf"; VariantName = "[No Variations]"
Add component (AddParameter): Name = "ComponentLink2Description"; Value = "Supplier"; VariantName = "[No Variations]"
Add component (AddParameter): Name = "ComponentLink2URL"; Value = "https://www.digikey.pl/pl/products/detail/texas-instruments/TPS55289RYQR/16928303?s=N4IgTCBcDaIC4AcDOBWFYAcBOASgTwEcAnEAXQF8g"; VariantName = "[No Variations]"
Add component (AddParameter): Name = "ComponentLink3Description"; Value = "Supplier"; VariantName = "[No Variations]"
Add component (AddParameter): Name = "ComponentLink3URL"; Value = "https://www.mouser.pl/ProductDetail/Texas-Instruments/TPS55289RYQR?qs=T%252BzbugeAwjhgaIN94Lbpjg%3D%3D&utm_id=20109199562&utm_source=google&utm_medium=cpc&utm_marketing_tactic=emeacorp"; VariantName = "[No Variations]"
Add component (AddParameter): Name = "Manufacturer_Name"; Value = "Texas Instruments"; VariantName = "[No Variations]"
Add component (AddParameter): Name = "Manufacturer_Part_Number"; Value = "TPS55289RYQR"; VariantName = "[No Variations]"
Added Component: Designator=U4_U_DCDCreg(RYQ0021A-MFG)
Add component (AddParameter): Name = "ComponentLink1Description"; Value = "Datasheet"; VariantName = "[No Variations]"
Add component (AddParameter): Name = "ComponentLink1URL"; Value = "https://www.ti.com/lit/ds/symlink/tps55289.pdf"; VariantName = "[No Variations]"
Add component (AddParameter): Name = "ComponentLink2Description"; Value = "Supplier"; VariantName = "[No Variations]"
Add component (AddParameter): Name = "ComponentLink2URL"; Value = "https://www.digikey.pl/pl/products/detail/texas-instruments/TPS55289RYQR/16928303?s=N4IgTCBcDaIC4AcDOBWFYAcBOASgTwEcAnEAXQF8g"; VariantName = "[No Variations]"
Add component (AddParameter): Name = "ComponentLink3Description"; Value = "Supplier"; VariantName = "[No Variations]"
Add component (AddParameter): Name = "ComponentLink3URL"; Value = "https://www.mouser.pl/ProductDetail/Texas-Instruments/TPS55289RYQR?qs=T%252BzbugeAwjhgaIN94Lbpjg%3D%3D&utm_id=20109199562&utm_source=google&utm_medium=cpc&utm_marketing_tactic=emeacorp"; VariantName = "[No Variations]"
Add component (AddParameter): Name = "Manufacturer_Name"; Value = "Texas Instruments"; VariantName = "[No Variations]"
Add component (AddParameter): Name = "Manufacturer_Part_Number"; Value = "TPS55289RYQR"; VariantName = "[No Variations]"
Added Component: Designator=U5(RPA0010A-MFG)
Add component (AddParameter): Name = "Manufacturer_Name"; Value = "Texas Instruments"; VariantName = "[No Variations]"
Add component (AddParameter): Name = "Manufacturer_Part_Number"; Value = "TPS56837RPAR"; VariantName = "[No Variations]"
Add component (AddParameter): Name = "RefDes"; Value = "RefDes"; VariantName = "[No Variations]"
Added Component: Designator=U6(RPW0010A-MFG)
Add component (AddParameter): Name = "Copyright"; Value = "Copyright (C) 2025 Ultra Librarian. All rights reserved."; VariantName = "[No Variations]"
Add component (AddParameter): Name = "Manufacturer_Name"; Value = "Texas Instruments"; VariantName = "[No Variations]"
Add component (AddParameter): Name = "Manufacturer_Part_Number"; Value = "TPS259474LRPWR"; VariantName = "[No Variations]"
Add component (AddParameter): Name = "RefDes"; Value = "RefDes"; VariantName = "[No Variations]"
Add component (AddParameter): Name = "TYPE"; Value = "TYPE"; VariantName = "[No Variations]"
Added Component: Designator=U7(RPW0010A-MFG)
Add component (AddParameter): Name = "Copyright"; Value = "Copyright (C) 2025 Ultra Librarian. All rights reserved."; VariantName = "[No Variations]"
Add component (AddParameter): Name = "Manufacturer_Name"; Value = "Texas Instruments"; VariantName = "[No Variations]"
Add component (AddParameter): Name = "Manufacturer_Part_Number"; Value = "TPS259474LRPWR"; VariantName = "[No Variations]"
Add component (AddParameter): Name = "RefDes"; Value = "RefDes"; VariantName = "[No Variations]"
Add component (AddParameter): Name = "TYPE"; Value = "TYPE"; VariantName = "[No Variations]"
Added Component: Designator=U8(RGV16_2P16X2P16)
Add component (AddParameter): Name = "Copyright"; Value = "Copyright (C) 2026 Ultra Librarian. All rights reserved."; VariantName = "[No Variations]"
Add component (AddParameter): Name = "Datasheet"; Value = "https://www.ti.com/lit/gpn/ina3221"; VariantName = "[No Variations]"
Add component (AddParameter): Name = "Manufacturer_Name"; Value = "Texas Instruments"; VariantName = "[No Variations]"
Add component (AddParameter): Name = "Manufacturer_Part_Number"; Value = "INA3221AIRGVR"; VariantName = "[No Variations]"
Add component (AddParameter): Name = "RefDes"; Value = "RefDes"; VariantName = "[No Variations]"
Add component (AddParameter): Name = "Type"; Value = "Type"; VariantName = "[No Variations]"
Added Component: Designator=U9_U_PowerIO_1(DDW0044E-MFG)
Add component (AddParameter): Name = "Copyright"; Value = "Copyright (C) 2025 Ultra Librarian. All rights reserved."; VariantName = "[No Variations]"
Add component (AddParameter): Name = "Manufacturer_Name"; Value = "Texas Instruments"; VariantName = "[No Variations]"
Add component (AddParameter): Name = "Manufacturer_Part_Number"; Value = "PDRV8962DDWR"; VariantName = "[No Variations]"
Add component (AddParameter): Name = "RefDes"; Value = "RefDes"; VariantName = "[No Variations]"
Add component (AddParameter): Name = "TYPE"; Value = "TYPE"; VariantName = "[No Variations]"
Added Component: Designator=U9_U_PowerIO_2(DDW0044E-MFG)
Add component (AddParameter): Name = "Copyright"; Value = "Copyright (C) 2025 Ultra Librarian. All rights reserved."; VariantName = "[No Variations]"
Add component (AddParameter): Name = "Manufacturer_Name"; Value = "Texas Instruments"; VariantName = "[No Variations]"
Add component (AddParameter): Name = "Manufacturer_Part_Number"; Value = "PDRV8962DDWR"; VariantName = "[No Variations]"
Add component (AddParameter): Name = "RefDes"; Value = "RefDes"; VariantName = "[No Variations]"
Add component (AddParameter): Name = "TYPE"; Value = "TYPE"; VariantName = "[No Variations]"
Added Component: Designator=U10(PCA9685_SOT788-1)
Added Component: Designator=U11(XCVR_ESP32-S3-WROOM-1U-N16R8)
Add component (AddParameter): Name = "Availability"; Value = "Unavailable"; VariantName = "[No Variations]"
Add component (AddParameter): Name = "Check_prices"; Value = "https://www.snapeda.com/parts/ESP32-S3-WROOM-1U-N16R8/Espressif+Systems/view-part/?ref=eda"; VariantName = "[No Variations]"
Add component (AddParameter): Name = "MF"; Value = "Espressif Systems"; VariantName = "[No Variations]"
Add component (AddParameter): Name = "MP"; Value = "ESP32-S3-WROOM-1U-N16R8"; VariantName = "[No Variations]"
Add component (AddParameter): Name = "Package"; Value = "None"; VariantName = "[No Variations]"
Add component (AddParameter): Name = "Price"; Value = "None"; VariantName = "[No Variations]"
Add component (AddParameter): Name = "SnapEDA_Link"; Value = "https://www.snapeda.com/parts/ESP32-S3-WROOM-1U-N16R8/Espressif+Systems/view-part/?ref=snap"; VariantName = "[No Variations]"
Add component (AddParameter): Name = "Value"; Value = ""; VariantName = "[No Variations]"
Added Component: Designator=U12(TCA6424A_RGJ0032A)
Add component (AddParameter): Name = "CompType"; Value = "IC"; VariantName = "[No Variations]"
Add component (AddParameter): Name = "Copyright"; Value = "Copyright (C) 2025 Ultra Librarian. All rights reserved."; VariantName = "[No Variations]"
Add component (AddParameter): Name = "Manufacturer"; Value = "Texas Instruments"; VariantName = "[No Variations]"
Add component (AddParameter): Name = "Manufacturer_Name"; Value = "Texas Instruments"; VariantName = "[No Variations]"
Add component (AddParameter): Name = "Manufacturer_Part_Number"; Value = "TCA6424ARGJR"; VariantName = "[No Variations]"
Add component (AddParameter): Name = "MountType"; Value = "SMT"; VariantName = "[No Variations]"
Add component (AddParameter): Name = "PackageReference"; Value = "RGJ0032A"; VariantName = "[No Variations]"
Add component (AddParameter): Name = "PartNumber"; Value = "TCA6424ARGJR"; VariantName = "[No Variations]"
Add component (AddParameter): Name = "RefDes"; Value = "RefDes"; VariantName = "[No Variations]"
Add component (AddParameter): Name = "RoHS"; Value = "Y"; VariantName = "[No Variations]"
Add component (AddParameter): Name = "TYPE"; Value = "TYPE"; VariantName = "[No Variations]"
Added Component: Designator=U13_U_MuxVM_1(LM73100_RPW0010A)
Added Component: Designator=U13_U_MuxVM_2(LM73100_RPW0010A)
Added Component: Designator=U14_U_MuxVM_1(LM73100_RPW0010A)
Added Component: Designator=U14_U_MuxVM_2(LM73100_RPW0010A)
Added Component: Designator=U15(ADS7128_RTE0016C)
Add component (AddParameter): Name = "Copyright"; Value = "Copyright (C) 2026 Ultra Librarian. All rights reserved."; VariantName = "[No Variations]"
Add component (AddParameter): Name = "Datasheet"; Value = "https://www.ti.com/lit/gpn/ads7128"; VariantName = "[No Variations]"
Add component (AddParameter): Name = "Manufacturer_Name"; Value = "Texas Instruments"; VariantName = "[No Variations]"
Add component (AddParameter): Name = "Manufacturer_Part_Number"; Value = "ADS7128IRTER"; VariantName = "[No Variations]"
Add component (AddParameter): Name = "RefDes"; Value = "RefDes"; VariantName = "[No Variations]"
Add component (AddParameter): Name = "Type"; Value = "Data Acquisition"; VariantName = "[No Variations]"
Added Component: Designator=U16(DAC53202_RTE0016C)
Added Pin To Net: NetName=3V3 Pin=R19-2
Added Pin To Net: NetName=3V3 Pin=R23-2
Added Net: Name=3V3
Added Pin To Net: NetName=3V3_FILTER_ADC Pin=C53-2
Added Pin To Net: NetName=3V3_FILTER_ADC Pin=C55-2
Added Pin To Net: NetName=3V3_FILTER_ADC Pin=L3-2
Added Pin To Net: NetName=3V3_FILTER_ADC Pin=U15-7
Added Net: Name=3V3_FILTER_ADC
Added Pin To Net: NetName=3V3_FILTER_DAC Pin=C57-2
Added Pin To Net: NetName=3V3_FILTER_DAC Pin=C58-2
Added Pin To Net: NetName=3V3_FILTER_DAC Pin=L4-2
Added Pin To Net: NetName=3V3_FILTER_DAC Pin=R66-2
Added Pin To Net: NetName=3V3_FILTER_DAC Pin=U16-15
Added Net: Name=3V3_FILTER_DAC
Added Pin To Net: NetName=3V3PROT Pin=C29-2
Added Pin To Net: NetName=3V3PROT Pin=C40-2
Added Pin To Net: NetName=3V3PROT Pin=J4-1
Added Pin To Net: NetName=3V3PROT Pin=J12-1
Added Pin To Net: NetName=3V3PROT Pin=J13-1
Added Pin To Net: NetName=3V3PROT Pin=J14-1
Added Pin To Net: NetName=3V3PROT Pin=R41-2
Added Pin To Net: NetName=3V3PROT Pin=R42-2
Added Net: Name=3V3PROT
Added Pin To Net: NetName=3V5 Pin=C19-2
Added Pin To Net: NetName=3V5 Pin=C22-2
Added Pin To Net: NetName=3V5 Pin=C23-2
Added Pin To Net: NetName=3V5 Pin=C30-2
Added Pin To Net: NetName=3V5 Pin=C34_U_PowerIO_1-2
Added Pin To Net: NetName=3V5 Pin=C34_U_PowerIO_2-2
Added Pin To Net: NetName=3V5 Pin=C41-2
Added Pin To Net: NetName=3V5 Pin=C42-2
Added Pin To Net: NetName=3V5 Pin=C45-2
Added Pin To Net: NetName=3V5 Pin=C46-2
Added Pin To Net: NetName=3V5 Pin=C54-2
Added Pin To Net: NetName=3V5 Pin=D15-5
Added Pin To Net: NetName=3V5 Pin=D16-5
Added Pin To Net: NetName=3V5 Pin=D17-5
Added Pin To Net: NetName=3V5 Pin=D18-5
Added Pin To Net: NetName=3V5 Pin=D19-5
Added Pin To Net: NetName=3V5 Pin=D22-5
Added Pin To Net: NetName=3V5 Pin=D23-5
Added Pin To Net: NetName=3V5 Pin=F2-2
Added Pin To Net: NetName=3V5 Pin=JP1_U_PowerIO_1-1
Added Pin To Net: NetName=3V5 Pin=JP1_U_PowerIO_2-1
Added Pin To Net: NetName=3V5 Pin=JP3-1
Added Pin To Net: NetName=3V5 Pin=JP5-2
Added Pin To Net: NetName=3V5 Pin=JP7-2
Added Pin To Net: NetName=3V5 Pin=L2-2
Added Pin To Net: NetName=3V5 Pin=L3-1
Added Pin To Net: NetName=3V5 Pin=L4-1
Added Pin To Net: NetName=3V5 Pin=R11_U_DCDCreg-2
Added Pin To Net: NetName=3V5 Pin=R11_U_DCDCreg5-2
Added Pin To Net: NetName=3V5 Pin=R12-2
Added Pin To Net: NetName=3V5 Pin=R13-2
Added Pin To Net: NetName=3V5 Pin=R31_U_PowerIO_1-1
Added Pin To Net: NetName=3V5 Pin=R31_U_PowerIO_2-1
Added Pin To Net: NetName=3V5 Pin=R32-2
Added Pin To Net: NetName=3V5 Pin=R43-2
Added Pin To Net: NetName=3V5 Pin=R46-2
Added Pin To Net: NetName=3V5 Pin=R47-2
Added Pin To Net: NetName=3V5 Pin=R*3-2
Added Pin To Net: NetName=3V5 Pin=R*4-2
Added Pin To Net: NetName=3V5 Pin=U4_U_DCDCreg5-2
Added Pin To Net: NetName=3V5 Pin=U8-4
Added Pin To Net: NetName=3V5 Pin=U8-16
Added Pin To Net: NetName=3V5 Pin=U9_U_PowerIO_1-25
Added Pin To Net: NetName=3V5 Pin=U9_U_PowerIO_2-25
Added Pin To Net: NetName=3V5 Pin=U10-21
Added Pin To Net: NetName=3V5 Pin=U11-2
Added Pin To Net: NetName=3V5 Pin=U12-27
Added Pin To Net: NetName=3V5 Pin=U12-31
Added Pin To Net: NetName=3V5 Pin=U15-10
Added Net: Name=3V5
Added Pin To Net: NetName=A4 Pin=JP5-1
Added Pin To Net: NetName=A4 Pin=JP6-2
Added Pin To Net: NetName=A4 Pin=U10-2
Added Net: Name=A4
Added Pin To Net: NetName=ADDR Pin=JP9-1
Added Pin To Net: NetName=ADDR Pin=U15-11
Added Net: Name=ADDR
Added Pin To Net: NetName=ADS_ALERT Pin=U11-12
Added Pin To Net: NetName=ADS_ALERT Pin=U15-12
Added Net: Name=ADS_ALERT
Added Pin To Net: NetName=AIN0 Pin=J15-2
Added Net: Name=AIN0
Added Pin To Net: NetName=AIN0_DIV Pin=D23-1
Added Pin To Net: NetName=AIN0_DIV Pin=R57-1
Added Pin To Net: NetName=AIN0_DIV Pin=U15-15
Added Net: Name=AIN0_DIV
Added Pin To Net: NetName=AIN1 Pin=J15-1
Added Net: Name=AIN1
Added Pin To Net: NetName=AIN1_DIV Pin=D23-3
Added Pin To Net: NetName=AIN1_DIV Pin=R56-1
Added Pin To Net: NetName=AIN1_DIV Pin=U15-16
Added Net: Name=AIN1_DIV
Added Pin To Net: NetName=AIN2 Pin=J16-2
Added Net: Name=AIN2
Added Pin To Net: NetName=AIN2_DIV Pin=D23-4
Added Pin To Net: NetName=AIN2_DIV Pin=R55-1
Added Pin To Net: NetName=AIN2_DIV Pin=U15-1
Added Net: Name=AIN2_DIV
Added Pin To Net: NetName=AIN3 Pin=J16-1
Added Net: Name=AIN3
Added Pin To Net: NetName=AIN3_DIV Pin=D23-6
Added Pin To Net: NetName=AIN3_DIV Pin=R54-1
Added Pin To Net: NetName=AIN3_DIV Pin=U15-2
Added Net: Name=AIN3_DIV
Added Pin To Net: NetName=AIN4 Pin=J17-2
Added Net: Name=AIN4
Added Pin To Net: NetName=AIN4_DIV Pin=D22-1
Added Pin To Net: NetName=AIN4_DIV Pin=R61-1
Added Pin To Net: NetName=AIN4_DIV Pin=U15-3
Added Net: Name=AIN4_DIV
Added Pin To Net: NetName=AIN5 Pin=J17-1
Added Net: Name=AIN5
Added Pin To Net: NetName=AIN5_DIV Pin=D22-3
Added Pin To Net: NetName=AIN5_DIV Pin=R60-1
Added Pin To Net: NetName=AIN5_DIV Pin=U15-4
Added Net: Name=AIN5_DIV
Added Pin To Net: NetName=AIN6 Pin=J18-2
Added Net: Name=AIN6
Added Pin To Net: NetName=AIN6_DIV Pin=D22-4
Added Pin To Net: NetName=AIN6_DIV Pin=R59-1
Added Pin To Net: NetName=AIN6_DIV Pin=U15-5
Added Net: Name=AIN6_DIV
Added Pin To Net: NetName=AIN7 Pin=J18-1
Added Net: Name=AIN7
Added Pin To Net: NetName=AIN7_DIV Pin=D22-6
Added Pin To Net: NetName=AIN7_DIV Pin=R58-1
Added Pin To Net: NetName=AIN7_DIV Pin=U15-6
Added Net: Name=AIN7_DIV
Added Pin To Net: NetName=CAP Pin=C60-2
Added Pin To Net: NetName=CAP Pin=C61-2
Added Pin To Net: NetName=CAP Pin=U16-13
Added Net: Name=CAP
Added Pin To Net: NetName=CC1 Pin=J1-A5
Added Pin To Net: NetName=CC1 Pin=R2-2
Added Net: Name=CC1
Added Pin To Net: NetName=CC2 Pin=J1-B5
Added Pin To Net: NetName=CC2 Pin=R1-2
Added Net: Name=CC2
Added Pin To Net: NetName=CHIP_PU Pin=C43-2
Added Pin To Net: NetName=CHIP_PU Pin=C44-2
Added Pin To Net: NetName=CHIP_PU Pin=D17-4
Added Pin To Net: NetName=CHIP_PU Pin=R43-1
Added Pin To Net: NetName=CHIP_PU Pin=SW2-3
Added Pin To Net: NetName=CHIP_PU Pin=U11-3
Added Net: Name=CHIP_PU
Added Pin To Net: NetName=DECAP Pin=C56-2
Added Pin To Net: NetName=DECAP Pin=JP9-2
Added Pin To Net: NetName=DECAP Pin=U15-8
Added Net: Name=DECAP
Added Pin To Net: NetName=DRV_1_EN1 Pin=U9_U_PowerIO_1-37
Added Pin To Net: NetName=DRV_1_EN1 Pin=U11-23
Added Net: Name=DRV_1_EN1
Added Pin To Net: NetName=DRV_1_EN2 Pin=U9_U_PowerIO_1-36
Added Pin To Net: NetName=DRV_1_EN2 Pin=U11-24
Added Net: Name=DRV_1_EN2
Added Pin To Net: NetName=DRV_1_EN3 Pin=U9_U_PowerIO_1-35
Added Pin To Net: NetName=DRV_1_EN3 Pin=U11-25
Added Net: Name=DRV_1_EN3
Added Pin To Net: NetName=DRV_1_EN4 Pin=U9_U_PowerIO_1-34
Added Pin To Net: NetName=DRV_1_EN4 Pin=U11-26
Added Net: Name=DRV_1_EN4
Added Pin To Net: NetName=DRV_1_IN1 Pin=U9_U_PowerIO_1-41
Added Net: Name=DRV_1_IN1
Added Pin To Net: NetName=DRV_1_IN2 Pin=U9_U_PowerIO_1-40
Added Net: Name=DRV_1_IN2
Added Pin To Net: NetName=DRV_1_IN3 Pin=U9_U_PowerIO_1-39
Added Net: Name=DRV_1_IN3
Added Pin To Net: NetName=DRV_1_IN4 Pin=U9_U_PowerIO_1-38
Added Net: Name=DRV_1_IN4
Added Pin To Net: NetName=DRV_1_IPROPI_1 Pin=R30_U_PowerIO_1-2
Added Pin To Net: NetName=DRV_1_IPROPI_1 Pin=U9_U_PowerIO_1-32
Added Pin To Net: NetName=DRV_1_IPROPI_1 Pin=U11-4
Added Net: Name=DRV_1_IPROPI_1
Added Pin To Net: NetName=DRV_1_IPROPI_2 Pin=R29_U_PowerIO_1-2
Added Pin To Net: NetName=DRV_1_IPROPI_2 Pin=U9_U_PowerIO_1-31
Added Pin To Net: NetName=DRV_1_IPROPI_2 Pin=U11-5
Added Net: Name=DRV_1_IPROPI_2
Added Pin To Net: NetName=DRV_1_IPROPI_3 Pin=R28_U_PowerIO_1-2
Added Pin To Net: NetName=DRV_1_IPROPI_3 Pin=U9_U_PowerIO_1-30
Added Pin To Net: NetName=DRV_1_IPROPI_3 Pin=U11-6
Added Net: Name=DRV_1_IPROPI_3
Added Pin To Net: NetName=DRV_1_IPROPI_4 Pin=R27_U_PowerIO_1-2
Added Pin To Net: NetName=DRV_1_IPROPI_4 Pin=U9_U_PowerIO_1-29
Added Pin To Net: NetName=DRV_1_IPROPI_4 Pin=U11-7
Added Net: Name=DRV_1_IPROPI_4
Added Pin To Net: NetName=DRV_1_nFAULT Pin=R31_U_PowerIO_1-2
Added Pin To Net: NetName=DRV_1_nFAULT Pin=U9_U_PowerIO_1-26
Added Net: Name=DRV_1_nFAULT
Added Pin To Net: NetName=DRV_1_nSLEEP Pin=U9_U_PowerIO_1-42
Added Net: Name=DRV_1_nSLEEP
Added Pin To Net: NetName=DRV_1_SET_VM_A Pin=U13_U_MuxVM_1-1
Added Pin To Net: NetName=DRV_1_SET_VM_A Pin=U13_U_MuxVM_1-4
Added Pin To Net: NetName=DRV_1_SET_VM_A Pin=U14_U_MuxVM_1-2
Added Net: Name=DRV_1_SET_VM_A
Added Pin To Net: NetName=DRV_1_SET_VM_B Pin=U13_U_MuxVM_1-2
Added Pin To Net: NetName=DRV_1_SET_VM_B Pin=U14_U_MuxVM_1-1
Added Pin To Net: NetName=DRV_1_SET_VM_B Pin=U14_U_MuxVM_1-4
Added Net: Name=DRV_1_SET_VM_B
Added Pin To Net: NetName=DRV_2_nFAULT Pin=R31_U_PowerIO_2-2
Added Pin To Net: NetName=DRV_2_nFAULT Pin=U9_U_PowerIO_2-26
Added Net: Name=DRV_2_nFAULT
Added Pin To Net: NetName=DRV_2_nSLEEP Pin=U9_U_PowerIO_2-42
Added Net: Name=DRV_2_nSLEEP
Added Pin To Net: NetName=DRV_2_SET_VM_A Pin=U13_U_MuxVM_2-1
Added Pin To Net: NetName=DRV_2_SET_VM_A Pin=U13_U_MuxVM_2-4
Added Pin To Net: NetName=DRV_2_SET_VM_A Pin=U14_U_MuxVM_2-2
Added Net: Name=DRV_2_SET_VM_A
Added Pin To Net: NetName=DRV_2_SET_VM_B Pin=U13_U_MuxVM_2-2
Added Pin To Net: NetName=DRV_2_SET_VM_B Pin=U14_U_MuxVM_2-1
Added Pin To Net: NetName=DRV_2_SET_VM_B Pin=U14_U_MuxVM_2-4
Added Net: Name=DRV_2_SET_VM_B
Added Pin To Net: NetName=DRV_MODE_U_PowerIO_1 Pin=JP1_U_PowerIO_1-2
Added Pin To Net: NetName=DRV_MODE_U_PowerIO_1 Pin=JP2_U_PowerIO_1-2
Added Pin To Net: NetName=DRV_MODE_U_PowerIO_1 Pin=U9_U_PowerIO_1-28
Added Net: Name=DRV_MODE_U_PowerIO_1
Added Pin To Net: NetName=DRV_MODE_U_PowerIO_2 Pin=JP1_U_PowerIO_2-2
Added Pin To Net: NetName=DRV_MODE_U_PowerIO_2 Pin=JP2_U_PowerIO_2-2
Added Pin To Net: NetName=DRV_MODE_U_PowerIO_2 Pin=U9_U_PowerIO_2-28
Added Net: Name=DRV_MODE_U_PowerIO_2
Added Pin To Net: NetName=DRVs_OCPM Pin=U9_U_PowerIO_1-27
Added Pin To Net: NetName=DRVs_OCPM Pin=U9_U_PowerIO_2-27
Added Net: Name=DRVs_OCPM
Added Pin To Net: NetName=DVR_1_VM Pin=C31_U_PowerIO_1-1
Added Pin To Net: NetName=DVR_1_VM Pin=C32_U_PowerIO_1-2
Added Pin To Net: NetName=DVR_1_VM Pin=C33_U_PowerIO_1-1
Added Pin To Net: NetName=DVR_1_VM Pin=C47_U_MuxVM_1-1
Added Pin To Net: NetName=DVR_1_VM Pin=C50_U_MuxVM_1-1
Added Pin To Net: NetName=DVR_1_VM Pin=U9_U_PowerIO_1-2
Added Pin To Net: NetName=DVR_1_VM Pin=U9_U_PowerIO_1-11
Added Pin To Net: NetName=DVR_1_VM Pin=U9_U_PowerIO_1-12
Added Pin To Net: NetName=DVR_1_VM Pin=U9_U_PowerIO_1-21
Added Pin To Net: NetName=DVR_1_VM Pin=U13_U_MuxVM_1-6
Added Pin To Net: NetName=DVR_1_VM Pin=U14_U_MuxVM_1-6
Added Net: Name=DVR_1_VM
Added Pin To Net: NetName=DVR_2_VM Pin=C31_U_PowerIO_2-1
Added Pin To Net: NetName=DVR_2_VM Pin=C32_U_PowerIO_2-2
Added Pin To Net: NetName=DVR_2_VM Pin=C33_U_PowerIO_2-1
Added Pin To Net: NetName=DVR_2_VM Pin=C47_U_MuxVM_2-1
Added Pin To Net: NetName=DVR_2_VM Pin=C50_U_MuxVM_2-1
Added Pin To Net: NetName=DVR_2_VM Pin=U9_U_PowerIO_2-2
Added Pin To Net: NetName=DVR_2_VM Pin=U9_U_PowerIO_2-11
Added Pin To Net: NetName=DVR_2_VM Pin=U9_U_PowerIO_2-12
Added Pin To Net: NetName=DVR_2_VM Pin=U9_U_PowerIO_2-21
Added Pin To Net: NetName=DVR_2_VM Pin=U13_U_MuxVM_2-6
Added Pin To Net: NetName=DVR_2_VM Pin=U14_U_MuxVM_2-6
Added Net: Name=DVR_2_VM
Added Pin To Net: NetName=EXTERNAL_I2C_SCL Pin=D18-3
Added Pin To Net: NetName=EXTERNAL_I2C_SCL Pin=J13-3
Added Pin To Net: NetName=EXTERNAL_I2C_SCL Pin=R42-1
Added Pin To Net: NetName=EXTERNAL_I2C_SCL Pin=U11-34
Added Net: Name=EXTERNAL_I2C_SCL
Added Pin To Net: NetName=EXTERNAL_I2C_SDA Pin=D18-1
Added Pin To Net: NetName=EXTERNAL_I2C_SDA Pin=J13-2
Added Pin To Net: NetName=EXTERNAL_I2C_SDA Pin=R41-1
Added Pin To Net: NetName=EXTERNAL_I2C_SDA Pin=U11-33
Added Net: Name=EXTERNAL_I2C_SDA
Added Pin To Net: NetName=EXTERNAL_RXD0 Pin=D17-1
Added Pin To Net: NetName=EXTERNAL_RXD0 Pin=J12-3
Added Pin To Net: NetName=EXTERNAL_RXD0 Pin=U11-36
Added Net: Name=EXTERNAL_RXD0
Added Pin To Net: NetName=EXTERNAL_SPI_CS0 Pin=D19-1
Added Pin To Net: NetName=EXTERNAL_SPI_CS0 Pin=J14-3
Added Pin To Net: NetName=EXTERNAL_SPI_CS0 Pin=U11-18
Added Net: Name=EXTERNAL_SPI_CS0
Added Pin To Net: NetName=EXTERNAL_SPI_CS1 Pin=D18-4
Added Pin To Net: NetName=EXTERNAL_SPI_CS1 Pin=J14-2
Added Pin To Net: NetName=EXTERNAL_SPI_CS1 Pin=U11-22
Added Net: Name=EXTERNAL_SPI_CS1
Added Pin To Net: NetName=EXTERNAL_SPI_MISO Pin=D19-6
Added Pin To Net: NetName=EXTERNAL_SPI_MISO Pin=J14-6
Added Pin To Net: NetName=EXTERNAL_SPI_MISO Pin=U11-21
Added Net: Name=EXTERNAL_SPI_MISO
Added Pin To Net: NetName=EXTERNAL_SPI_MOSI Pin=D19-4
Added Pin To Net: NetName=EXTERNAL_SPI_MOSI Pin=J14-5
Added Pin To Net: NetName=EXTERNAL_SPI_MOSI Pin=U11-19
Added Net: Name=EXTERNAL_SPI_MOSI
Added Pin To Net: NetName=EXTERNAL_SPI_SCK Pin=D19-3
Added Pin To Net: NetName=EXTERNAL_SPI_SCK Pin=J14-4
Added Pin To Net: NetName=EXTERNAL_SPI_SCK Pin=U11-20
Added Net: Name=EXTERNAL_SPI_SCK
Added Pin To Net: NetName=EXTERNAL_TXD0 Pin=D17-3
Added Pin To Net: NetName=EXTERNAL_TXD0 Pin=J12-2
Added Pin To Net: NetName=EXTERNAL_TXD0 Pin=U11-37
Added Net: Name=EXTERNAL_TXD0
Added Pin To Net: NetName=GND Pin=C1-2
Added Pin To Net: NetName=GND Pin=C3-1
Added Pin To Net: NetName=GND Pin=C5-1
Added Pin To Net: NetName=GND Pin=C8_U_DCDCreg-2
Added Pin To Net: NetName=GND Pin=C8_U_DCDCreg5-2
Added Pin To Net: NetName=GND Pin=C9_U_DCDCreg-1
Added Pin To Net: NetName=GND Pin=C9_U_DCDCreg5-1
Added Pin To Net: NetName=GND Pin=C10_U_DCDCreg-1
Added Pin To Net: NetName=GND Pin=C10_U_DCDCreg5-1
Added Pin To Net: NetName=GND Pin=C11_U_DCDCreg-2
Added Pin To Net: NetName=GND Pin=C11_U_DCDCreg5-2
Added Pin To Net: NetName=GND Pin=C12_U_DCDCreg-1
Added Pin To Net: NetName=GND Pin=C12_U_DCDCreg5-1
Added Pin To Net: NetName=GND Pin=C13_U_DCDCreg-1
Added Pin To Net: NetName=GND Pin=C13_U_DCDCreg5-1
Added Pin To Net: NetName=GND Pin=C14_U_DCDCreg-1
Added Pin To Net: NetName=GND Pin=C14_U_DCDCreg5-1
Added Pin To Net: NetName=GND Pin=C15_U_DCDCreg-1
Added Pin To Net: NetName=GND Pin=C15_U_DCDCreg5-1
Added Pin To Net: NetName=GND Pin=C16_U_DCDCreg-2
Added Pin To Net: NetName=GND Pin=C16_U_DCDCreg5-2
Added Pin To Net: NetName=GND Pin=C17_U_DCDCreg-1
Added Pin To Net: NetName=GND Pin=C17_U_DCDCreg5-1
Added Pin To Net: NetName=GND Pin=C20-1
Added Pin To Net: NetName=GND Pin=C21-1
Added Pin To Net: NetName=GND Pin=C22-1
Added Pin To Net: NetName=GND Pin=C23-1
Added Pin To Net: NetName=GND Pin=C24-2
Added Pin To Net: NetName=GND Pin=C25-1
Added Pin To Net: NetName=GND Pin=C26-1
Added Pin To Net: NetName=GND Pin=C27-1
Added Pin To Net: NetName=GND Pin=C28-1
Added Pin To Net: NetName=GND Pin=C29-1
Added Pin To Net: NetName=GND Pin=C30-1
Added Pin To Net: NetName=GND Pin=C31_U_PowerIO_1-2
Added Pin To Net: NetName=GND Pin=C31_U_PowerIO_2-2
Added Pin To Net: NetName=GND Pin=C33_U_PowerIO_1-2
Added Pin To Net: NetName=GND Pin=C33_U_PowerIO_2-2
Added Pin To Net: NetName=GND Pin=C34_U_PowerIO_1-1
Added Pin To Net: NetName=GND Pin=C34_U_PowerIO_2-1
Added Pin To Net: NetName=GND Pin=C36_U_PowerIO_1-1
Added Pin To Net: NetName=GND Pin=C36_U_PowerIO_2-1
Added Pin To Net: NetName=GND Pin=C37-1
Added Pin To Net: NetName=GND Pin=C38-2
Added Pin To Net: NetName=GND Pin=C39-1
Added Pin To Net: NetName=GND Pin=C40-1
Added Pin To Net: NetName=GND Pin=C41-1
Added Pin To Net: NetName=GND Pin=C42-1
Added Pin To Net: NetName=GND Pin=C43-1
Added Pin To Net: NetName=GND Pin=C44-1
Added Pin To Net: NetName=GND Pin=C45-1
Added Pin To Net: NetName=GND Pin=C46-1
Added Pin To Net: NetName=GND Pin=C47_U_MuxVM_1-2
Added Pin To Net: NetName=GND Pin=C47_U_MuxVM_2-2
Added Pin To Net: NetName=GND Pin=C48_U_MuxVM_1-1
Added Pin To Net: NetName=GND Pin=C48_U_MuxVM_2-1
Added Pin To Net: NetName=GND Pin=C49_U_MuxVM_1-1
Added Pin To Net: NetName=GND Pin=C49_U_MuxVM_2-1
Added Pin To Net: NetName=GND Pin=C50_U_MuxVM_1-2
Added Pin To Net: NetName=GND Pin=C50_U_MuxVM_2-2
Added Pin To Net: NetName=GND Pin=C51_U_MuxVM_1-1
Added Pin To Net: NetName=GND Pin=C51_U_MuxVM_2-1
Added Pin To Net: NetName=GND Pin=C52_U_MuxVM_1-1
Added Pin To Net: NetName=GND Pin=C52_U_MuxVM_2-1
Added Pin To Net: NetName=GND Pin=C53-1
Added Pin To Net: NetName=GND Pin=C54-1
Added Pin To Net: NetName=GND Pin=C55-1
Added Pin To Net: NetName=GND Pin=C56-1
Added Pin To Net: NetName=GND Pin=C57-1
Added Pin To Net: NetName=GND Pin=C58-1
Added Pin To Net: NetName=GND Pin=C59-1
Added Pin To Net: NetName=GND Pin=C60-1
Added Pin To Net: NetName=GND Pin=C61-1
Added Pin To Net: NetName=GND Pin=C*1_U_DCDCreg-1
Added Pin To Net: NetName=GND Pin=C*1_U_DCDCreg5-1
Added Pin To Net: NetName=GND Pin=C*2_U_DCDCreg-1
Added Pin To Net: NetName=GND Pin=C*2_U_DCDCreg5-1
Added Pin To Net: NetName=GND Pin=C*3-1
Added Pin To Net: NetName=GND Pin=D1-A
Added Pin To Net: NetName=GND Pin=D2-A
Added Pin To Net: NetName=GND Pin=D3-K
Added Pin To Net: NetName=GND Pin=D4-K
Added Pin To Net: NetName=GND Pin=D6-A
Added Pin To Net: NetName=GND Pin=D15-2
Added Pin To Net: NetName=GND Pin=D16-2
Added Pin To Net: NetName=GND Pin=D17-2
Added Pin To Net: NetName=GND Pin=D18-2
Added Pin To Net: NetName=GND Pin=D19-2
Added Pin To Net: NetName=GND Pin=D20-K
Added Pin To Net: NetName=GND Pin=D21-K
Added Pin To Net: NetName=GND Pin=D22-2
Added Pin To Net: NetName=GND Pin=D23-2
Added Pin To Net: NetName=GND Pin=J1-A1
Added Pin To Net: NetName=GND Pin=J1-A12
Added Pin To Net: NetName=GND Pin=J1-B1
Added Pin To Net: NetName=GND Pin=J1-B12
Added Pin To Net: NetName=GND Pin=J2-2
Added Pin To Net: NetName=GND Pin=J3-2
Added Pin To Net: NetName=GND Pin=J4-2
Added Pin To Net: NetName=GND Pin=J5-2
Added Pin To Net: NetName=GND Pin=J6-2
Added Pin To Net: NetName=GND Pin=J11-1
Added Pin To Net: NetName=GND Pin=J11-2
Added Pin To Net: NetName=GND Pin=J11-3
Added Pin To Net: NetName=GND Pin=J11-4
Added Pin To Net: NetName=GND Pin=J11-5
Added Pin To Net: NetName=GND Pin=J11-6
Added Pin To Net: NetName=GND Pin=J11-7
Added Pin To Net: NetName=GND Pin=J11-8
Added Pin To Net: NetName=GND Pin=J12-4
Added Pin To Net: NetName=GND Pin=J13-4
Added Pin To Net: NetName=GND Pin=J14-7
Added Pin To Net: NetName=GND Pin=J14-8
Added Pin To Net: NetName=GND Pin=JP2_U_PowerIO_1-1
Added Pin To Net: NetName=GND Pin=JP2_U_PowerIO_2-1
Added Pin To Net: NetName=GND Pin=JP6-1
Added Pin To Net: NetName=GND Pin=JP8-2
Added Pin To Net: NetName=GND Pin=R1-1
Added Pin To Net: NetName=GND Pin=R2-1
Added Pin To Net: NetName=GND Pin=R6-1
Added Pin To Net: NetName=GND Pin=R9-1
Added Pin To Net: NetName=GND Pin=R14-1
Added Pin To Net: NetName=GND Pin=R15-1
Added Pin To Net: NetName=GND Pin=R18-1
Added Pin To Net: NetName=GND Pin=R21-1
Added Pin To Net: NetName=GND Pin=R24-1
Added Pin To Net: NetName=GND Pin=R26-1
Added Pin To Net: NetName=GND Pin=R27_U_PowerIO_1-1
Added Pin To Net: NetName=GND Pin=R27_U_PowerIO_2-1
Added Pin To Net: NetName=GND Pin=R28_U_PowerIO_1-1
Added Pin To Net: NetName=GND Pin=R28_U_PowerIO_2-1
Added Pin To Net: NetName=GND Pin=R29_U_PowerIO_1-1
Added Pin To Net: NetName=GND Pin=R29_U_PowerIO_2-1
Added Pin To Net: NetName=GND Pin=R30_U_PowerIO_1-1
Added Pin To Net: NetName=GND Pin=R30_U_PowerIO_2-1
Added Pin To Net: NetName=GND Pin=R33-1
Added Pin To Net: NetName=GND Pin=R34-1
Added Pin To Net: NetName=GND Pin=R35-1
Added Pin To Net: NetName=GND Pin=R36-1
Added Pin To Net: NetName=GND Pin=R37-1
Added Pin To Net: NetName=GND Pin=R38-1
Added Pin To Net: NetName=GND Pin=R39-1
Added Pin To Net: NetName=GND Pin=R40-1
Added Pin To Net: NetName=GND Pin=R48_U_MuxVM_1-1
Added Pin To Net: NetName=GND Pin=R48_U_MuxVM_2-1
Added Pin To Net: NetName=GND Pin=R49_U_MuxVM_1-1
Added Pin To Net: NetName=GND Pin=R49_U_MuxVM_2-1
Added Pin To Net: NetName=GND Pin=R54-2
Added Pin To Net: NetName=GND Pin=R55-2
Added Pin To Net: NetName=GND Pin=R56-2
Added Pin To Net: NetName=GND Pin=R57-2
Added Pin To Net: NetName=GND Pin=R58-2
Added Pin To Net: NetName=GND Pin=R59-2
Added Pin To Net: NetName=GND Pin=R60-2
Added Pin To Net: NetName=GND Pin=R61-2
Added Pin To Net: NetName=GND Pin=R*2_U_DCDCreg-1
Added Pin To Net: NetName=GND Pin=R*2_U_DCDCreg5-1
Added Pin To Net: NetName=GND Pin=SW1-2
Added Pin To Net: NetName=GND Pin=SW2-2
Added Pin To Net: NetName=GND Pin=U4_U_DCDCreg-2
Added Pin To Net: NetName=GND Pin=U4_U_DCDCreg-5
Added Pin To Net: NetName=GND Pin=U4_U_DCDCreg-9
Added Pin To Net: NetName=GND Pin=U4_U_DCDCreg-17
Added Pin To Net: NetName=GND Pin=U4_U_DCDCreg5-5
Added Pin To Net: NetName=GND Pin=U4_U_DCDCreg5-9
Added Pin To Net: NetName=GND Pin=U4_U_DCDCreg5-17
Added Pin To Net: NetName=GND Pin=U5-3
Added Pin To Net: NetName=GND Pin=U5-9
Added Pin To Net: NetName=GND Pin=U6-2
Added Pin To Net: NetName=GND Pin=U6-8
Added Pin To Net: NetName=GND Pin=U7-8
Added Pin To Net: NetName=GND Pin=U8-3
Added Pin To Net: NetName=GND Pin=U8-5
Added Pin To Net: NetName=GND Pin=U8-17
Added Pin To Net: NetName=GND Pin=U9_U_PowerIO_1-3
Added Pin To Net: NetName=GND Pin=U9_U_PowerIO_1-10
Added Pin To Net: NetName=GND Pin=U9_U_PowerIO_1-13
Added Pin To Net: NetName=GND Pin=U9_U_PowerIO_1-20
Added Pin To Net: NetName=GND Pin=U9_U_PowerIO_1-22
Added Pin To Net: NetName=GND Pin=U9_U_PowerIO_1-23
Added Pin To Net: NetName=GND Pin=U9_U_PowerIO_1-45
Added Pin To Net: NetName=GND Pin=U9_U_PowerIO_2-3
Added Pin To Net: NetName=GND Pin=U9_U_PowerIO_2-10
Added Pin To Net: NetName=GND Pin=U9_U_PowerIO_2-13
Added Pin To Net: NetName=GND Pin=U9_U_PowerIO_2-20
Added Pin To Net: NetName=GND Pin=U9_U_PowerIO_2-22
Added Pin To Net: NetName=GND Pin=U9_U_PowerIO_2-23
Added Pin To Net: NetName=GND Pin=U9_U_PowerIO_2-45
Added Pin To Net: NetName=GND Pin=U10-1
Added Pin To Net: NetName=GND Pin=U10-11
Added Pin To Net: NetName=GND Pin=U10-22
Added Pin To Net: NetName=GND Pin=U10-26
Added Pin To Net: NetName=GND Pin=U10-27
Added Pin To Net: NetName=GND Pin=U10-28
Added Pin To Net: NetName=GND Pin=U11-1
Added Pin To Net: NetName=GND Pin=U11-40
Added Pin To Net: NetName=GND Pin=U11-41_1
Added Pin To Net: NetName=GND Pin=U11-41_2
Added Pin To Net: NetName=GND Pin=U11-41_3
Added Pin To Net: NetName=GND Pin=U11-41_4
Added Pin To Net: NetName=GND Pin=U11-41_5
Added Pin To Net: NetName=GND Pin=U11-41_6
Added Pin To Net: NetName=GND Pin=U11-41_7
Added Pin To Net: NetName=GND Pin=U11-41_8
Added Pin To Net: NetName=GND Pin=U11-41_9
Added Pin To Net: NetName=GND Pin=U12-25
Added Pin To Net: NetName=GND Pin=U12-33
Added Pin To Net: NetName=GND Pin=U13_U_MuxVM_1-8
Added Pin To Net: NetName=GND Pin=U13_U_MuxVM_2-8
Added Pin To Net: NetName=GND Pin=U14_U_MuxVM_1-8
Added Pin To Net: NetName=GND Pin=U14_U_MuxVM_2-8
Added Pin To Net: NetName=GND Pin=U15-9
Added Pin To Net: NetName=GND Pin=U15-17
Added Pin To Net: NetName=GND Pin=U16-7
Added Pin To Net: NetName=GND Pin=U16-14
Added Pin To Net: NetName=GND Pin=U16-17
Added Pin To Net: NetName=GND Pin=J1-17
Added Pin To Net: NetName=GND Pin=J1-18
Added Pin To Net: NetName=GND Pin=J1-19
Added Pin To Net: NetName=GND Pin=J1-20
Added Net: Name=GND
Added Pin To Net: NetName=IFB Pin=C5-2
Added Net: Name=IFB
Added Pin To Net: NetName=INA3221_CRIT Pin=U8-9
Added Net: Name=INA3221_CRIT
Added Pin To Net: NetName=INA3221_WARN Pin=U8-8
Added Net: Name=INA3221_WARN
Added Pin To Net: NetName=INT Pin=R8-2
Added Net: Name=INT
Added Pin To Net: NetName=INT_3V Pin=R8-1
Added Pin To Net: NetName=INT_3V Pin=R9-2
Added Net: Name=INT_3V
Added Pin To Net: NetName=INTERNAL_I2C_SCL Pin=R*4-1
Added Pin To Net: NetName=INTERNAL_I2C_SCL Pin=U4_U_DCDCreg-3
Added Pin To Net: NetName=INTERNAL_I2C_SCL Pin=U4_U_DCDCreg5-3
Added Pin To Net: NetName=INTERNAL_I2C_SCL Pin=U8-6
Added Pin To Net: NetName=INTERNAL_I2C_SCL Pin=U10-23
Added Pin To Net: NetName=INTERNAL_I2C_SCL Pin=U11-8
Added Pin To Net: NetName=INTERNAL_I2C_SCL Pin=U12-29
Added Pin To Net: NetName=INTERNAL_I2C_SCL Pin=U15-13
Added Pin To Net: NetName=INTERNAL_I2C_SCL Pin=U16-6
Added Net: Name=INTERNAL_I2C_SCL
Added Pin To Net: NetName=INTERNAL_I2C_SDA Pin=R*3-1
Added Pin To Net: NetName=INTERNAL_I2C_SDA Pin=U4_U_DCDCreg-4
Added Pin To Net: NetName=INTERNAL_I2C_SDA Pin=U4_U_DCDCreg5-4
Added Pin To Net: NetName=INTERNAL_I2C_SDA Pin=U8-7
Added Pin To Net: NetName=INTERNAL_I2C_SDA Pin=U10-24
Added Pin To Net: NetName=INTERNAL_I2C_SDA Pin=U11-9
Added Pin To Net: NetName=INTERNAL_I2C_SDA Pin=U12-30
Added Pin To Net: NetName=INTERNAL_I2C_SDA Pin=U15-14
Added Pin To Net: NetName=INTERNAL_I2C_SDA Pin=U16-8
Added Net: Name=INTERNAL_I2C_SDA
Added Pin To Net: NetName=IO0 Pin=C39-2
Added Pin To Net: NetName=IO0 Pin=D17-6
Added Pin To Net: NetName=IO0 Pin=SW1-3
Added Pin To Net: NetName=IO0 Pin=U11-27
Added Net: Name=IO0
Added Pin To Net: NetName=L1 Pin=D20-A
Added Pin To Net: NetName=L1 Pin=R44-1
Added Net: Name=L1
Added Pin To Net: NetName=L2 Pin=D21-A
Added Pin To Net: NetName=L2 Pin=R45-1
Added Net: Name=L2
Added Pin To Net: NetName=L3V5OK Pin=D4-A
Added Pin To Net: NetName=L3V5OK Pin=R13-1
Added Net: Name=L3V5OK
Added Pin To Net: NetName=L_USB_OK Pin=D3-A
Added Pin To Net: NetName=L_USB_OK Pin=R7-1
Added Net: Name=L_USB_OK
Added Pin To Net: NetName=NetC6_U_DCDCreg5_1 Pin=C6_U_DCDCreg5-1
Added Pin To Net: NetName=NetC6_U_DCDCreg5_1 Pin=U4_U_DCDCreg5-20
Added Net: Name=NetC6_U_DCDCreg5_1
Added Pin To Net: NetName=NetC6_U_DCDCreg_1 Pin=C6_U_DCDCreg-1
Added Pin To Net: NetName=NetC6_U_DCDCreg_1 Pin=U4_U_DCDCreg-20
Added Net: Name=NetC6_U_DCDCreg_1
Added Pin To Net: NetName=NetC7_U_DCDCreg5_1 Pin=C7_U_DCDCreg5-1
Added Pin To Net: NetName=NetC7_U_DCDCreg5_1 Pin=U4_U_DCDCreg5-19
Added Net: Name=NetC7_U_DCDCreg5_1
Added Pin To Net: NetName=NetC7_U_DCDCreg_1 Pin=C7_U_DCDCreg-1
Added Pin To Net: NetName=NetC7_U_DCDCreg_1 Pin=U4_U_DCDCreg-19
Added Net: Name=NetC7_U_DCDCreg_1
Added Pin To Net: NetName=NetC17_U_DCDCreg5_2 Pin=C17_U_DCDCreg5-2
Added Pin To Net: NetName=NetC17_U_DCDCreg5_2 Pin=U4_U_DCDCreg5-18
Added Pin To Net: NetName=NetC17_U_DCDCreg5_2 Pin=U4_U_DCDCreg5-21
Added Net: Name=NetC17_U_DCDCreg5_2
Added Pin To Net: NetName=NetC17_U_DCDCreg_2 Pin=C17_U_DCDCreg-2
Added Pin To Net: NetName=NetC17_U_DCDCreg_2 Pin=U4_U_DCDCreg-18
Added Pin To Net: NetName=NetC17_U_DCDCreg_2 Pin=U4_U_DCDCreg-21
Added Net: Name=NetC17_U_DCDCreg_2
Added Pin To Net: NetName=NetC18_1 Pin=C18-1
Added Pin To Net: NetName=NetC18_1 Pin=L2-1
Added Pin To Net: NetName=NetC18_1 Pin=U5-6
Added Net: Name=NetC18_1
Added Pin To Net: NetName=NetC18_2 Pin=C18-2
Added Pin To Net: NetName=NetC18_2 Pin=U5-7
Added Net: Name=NetC18_2
Added Pin To Net: NetName=NetC19_1 Pin=C19-1
Added Pin To Net: NetName=NetC19_1 Pin=R12-1
Added Pin To Net: NetName=NetC19_1 Pin=R14-2
Added Pin To Net: NetName=NetC19_1 Pin=U5-2
Added Net: Name=NetC19_1
Added Pin To Net: NetName=NetC25_2 Pin=C25-2
Added Pin To Net: NetName=NetC25_2 Pin=U6-10
Added Net: Name=NetC25_2
Added Pin To Net: NetName=NetC26_2 Pin=C26-2
Added Pin To Net: NetName=NetC26_2 Pin=R20-1
Added Net: Name=NetC26_2
Added Pin To Net: NetName=NetC27_2 Pin=C27-2
Added Pin To Net: NetName=NetC27_2 Pin=U7-10
Added Net: Name=NetC27_2
Added Pin To Net: NetName=NetC28_2 Pin=C28-2
Added Pin To Net: NetName=NetC28_2 Pin=R25-1
Added Net: Name=NetC28_2
Added Pin To Net: NetName=NetC32_U_PowerIO_1_1 Pin=C32_U_PowerIO_1-1
Added Pin To Net: NetName=NetC32_U_PowerIO_1_1 Pin=U9_U_PowerIO_1-1
Added Net: Name=NetC32_U_PowerIO_1_1
Added Pin To Net: NetName=NetC32_U_PowerIO_2_1 Pin=C32_U_PowerIO_2-1
Added Pin To Net: NetName=NetC32_U_PowerIO_2_1 Pin=U9_U_PowerIO_2-1
Added Net: Name=NetC32_U_PowerIO_2_1
Added Pin To Net: NetName=NetC35_U_PowerIO_1_1 Pin=C35_U_PowerIO_1-1
Added Pin To Net: NetName=NetC35_U_PowerIO_1_1 Pin=U9_U_PowerIO_1-43
Added Net: Name=NetC35_U_PowerIO_1_1
Added Pin To Net: NetName=NetC35_U_PowerIO_1_2 Pin=C35_U_PowerIO_1-2
Added Pin To Net: NetName=NetC35_U_PowerIO_1_2 Pin=U9_U_PowerIO_1-44
Added Net: Name=NetC35_U_PowerIO_1_2
Added Pin To Net: NetName=NetC35_U_PowerIO_2_1 Pin=C35_U_PowerIO_2-1
Added Pin To Net: NetName=NetC35_U_PowerIO_2_1 Pin=U9_U_PowerIO_2-43
Added Net: Name=NetC35_U_PowerIO_2_1
Added Pin To Net: NetName=NetC35_U_PowerIO_2_2 Pin=C35_U_PowerIO_2-2
Added Pin To Net: NetName=NetC35_U_PowerIO_2_2 Pin=U9_U_PowerIO_2-44
Added Net: Name=NetC35_U_PowerIO_2_2
Added Pin To Net: NetName=NetC36_U_PowerIO_1_2 Pin=C36_U_PowerIO_1-2
Added Pin To Net: NetName=NetC36_U_PowerIO_1_2 Pin=U9_U_PowerIO_1-24
Added Net: Name=NetC36_U_PowerIO_1_2
Added Pin To Net: NetName=NetC36_U_PowerIO_2_2 Pin=C36_U_PowerIO_2-2
Added Pin To Net: NetName=NetC36_U_PowerIO_2_2 Pin=U9_U_PowerIO_2-24
Added Net: Name=NetC36_U_PowerIO_2_2
Added Pin To Net: NetName=NetC49_U_MuxVM_1_2 Pin=C49_U_MuxVM_1-2
Added Pin To Net: NetName=NetC49_U_MuxVM_1_2 Pin=U13_U_MuxVM_1-7
Added Net: Name=NetC49_U_MuxVM_1_2
Added Pin To Net: NetName=NetC49_U_MuxVM_2_2 Pin=C49_U_MuxVM_2-2
Added Pin To Net: NetName=NetC49_U_MuxVM_2_2 Pin=U13_U_MuxVM_2-7
Added Net: Name=NetC49_U_MuxVM_2_2
Added Pin To Net: NetName=NetC52_U_MuxVM_1_2 Pin=C52_U_MuxVM_1-2
Added Pin To Net: NetName=NetC52_U_MuxVM_1_2 Pin=U14_U_MuxVM_1-7
Added Net: Name=NetC52_U_MuxVM_1_2
Added Pin To Net: NetName=NetC52_U_MuxVM_2_2 Pin=C52_U_MuxVM_2-2
Added Pin To Net: NetName=NetC52_U_MuxVM_2_2 Pin=U14_U_MuxVM_2-7
Added Net: Name=NetC52_U_MuxVM_2_2
Added Pin To Net: NetName=NetC*1_U_DCDCreg5_2 Pin=C*1_U_DCDCreg5-2
Added Pin To Net: NetName=NetC*1_U_DCDCreg5_2 Pin=R*1_U_DCDCreg5-2
Added Pin To Net: NetName=NetC*1_U_DCDCreg5_2 Pin=U4_U_DCDCreg5-15
Added Net: Name=NetC*1_U_DCDCreg5_2
Added Pin To Net: NetName=NetC*1_U_DCDCreg_2 Pin=C*1_U_DCDCreg-2
Added Pin To Net: NetName=NetC*1_U_DCDCreg_2 Pin=R*1_U_DCDCreg-2
Added Pin To Net: NetName=NetC*1_U_DCDCreg_2 Pin=U4_U_DCDCreg-15
Added Net: Name=NetC*1_U_DCDCreg_2
Added Pin To Net: NetName=NetC*2_U_DCDCreg5_2 Pin=C*2_U_DCDCreg5-2
Added Pin To Net: NetName=NetC*2_U_DCDCreg5_2 Pin=R*1_U_DCDCreg5-1
Added Net: Name=NetC*2_U_DCDCreg5_2
Added Pin To Net: NetName=NetC*2_U_DCDCreg_2 Pin=C*2_U_DCDCreg-2
Added Pin To Net: NetName=NetC*2_U_DCDCreg_2 Pin=R*1_U_DCDCreg-1
Added Net: Name=NetC*2_U_DCDCreg_2
Added Pin To Net: NetName=NetC*3_2 Pin=C*3-2
Added Pin To Net: NetName=NetC*3_2 Pin=U5-5
Added Net: Name=NetC*3_2
Added Pin To Net: NetName=NetD5_1 Pin=F2-1
Added Net: Name=NetD5_1
Added Pin To Net: NetName=NetFB1_U_PowerIO_1_1 Pin=FB1_U_PowerIO_1-1
Added Pin To Net: NetName=NetFB1_U_PowerIO_1_1 Pin=U9_U_PowerIO_1-4
Added Pin To Net: NetName=NetFB1_U_PowerIO_1_1 Pin=U9_U_PowerIO_1-5
Added Pin To Net: NetName=NetFB1_U_PowerIO_1_1 Pin=U9_U_PowerIO_1-6
Added Net: Name=NetFB1_U_PowerIO_1_1
Added Pin To Net: NetName=NetFB1_U_PowerIO_2_1 Pin=FB1_U_PowerIO_2-1
Added Pin To Net: NetName=NetFB1_U_PowerIO_2_1 Pin=U9_U_PowerIO_2-4
Added Pin To Net: NetName=NetFB1_U_PowerIO_2_1 Pin=U9_U_PowerIO_2-5
Added Pin To Net: NetName=NetFB1_U_PowerIO_2_1 Pin=U9_U_PowerIO_2-6
Added Net: Name=NetFB1_U_PowerIO_2_1
Added Pin To Net: NetName=NetFB2_U_PowerIO_1_1 Pin=FB2_U_PowerIO_1-1
Added Pin To Net: NetName=NetFB2_U_PowerIO_1_1 Pin=U9_U_PowerIO_1-7
Added Pin To Net: NetName=NetFB2_U_PowerIO_1_1 Pin=U9_U_PowerIO_1-8
Added Pin To Net: NetName=NetFB2_U_PowerIO_1_1 Pin=U9_U_PowerIO_1-9
Added Net: Name=NetFB2_U_PowerIO_1_1
Added Pin To Net: NetName=NetFB2_U_PowerIO_2_1 Pin=FB2_U_PowerIO_2-1
Added Pin To Net: NetName=NetFB2_U_PowerIO_2_1 Pin=U9_U_PowerIO_2-7
Added Pin To Net: NetName=NetFB2_U_PowerIO_2_1 Pin=U9_U_PowerIO_2-8
Added Pin To Net: NetName=NetFB2_U_PowerIO_2_1 Pin=U9_U_PowerIO_2-9
Added Net: Name=NetFB2_U_PowerIO_2_1
Added Pin To Net: NetName=NetFB3_U_PowerIO_1_1 Pin=FB3_U_PowerIO_1-1
Added Pin To Net: NetName=NetFB3_U_PowerIO_1_1 Pin=U9_U_PowerIO_1-17
Added Pin To Net: NetName=NetFB3_U_PowerIO_1_1 Pin=U9_U_PowerIO_1-18
Added Pin To Net: NetName=NetFB3_U_PowerIO_1_1 Pin=U9_U_PowerIO_1-19
Added Net: Name=NetFB3_U_PowerIO_1_1
Added Pin To Net: NetName=NetFB3_U_PowerIO_2_1 Pin=FB3_U_PowerIO_2-1
Added Pin To Net: NetName=NetFB3_U_PowerIO_2_1 Pin=U9_U_PowerIO_2-17
Added Pin To Net: NetName=NetFB3_U_PowerIO_2_1 Pin=U9_U_PowerIO_2-18
Added Pin To Net: NetName=NetFB3_U_PowerIO_2_1 Pin=U9_U_PowerIO_2-19
Added Net: Name=NetFB3_U_PowerIO_2_1
Added Pin To Net: NetName=NetFB4_U_PowerIO_1_1 Pin=FB4_U_PowerIO_1-1
Added Pin To Net: NetName=NetFB4_U_PowerIO_1_1 Pin=U9_U_PowerIO_1-14
Added Pin To Net: NetName=NetFB4_U_PowerIO_1_1 Pin=U9_U_PowerIO_1-15
Added Pin To Net: NetName=NetFB4_U_PowerIO_1_1 Pin=U9_U_PowerIO_1-16
Added Net: Name=NetFB4_U_PowerIO_1_1
Added Pin To Net: NetName=NetFB4_U_PowerIO_2_1 Pin=FB4_U_PowerIO_2-1
Added Pin To Net: NetName=NetFB4_U_PowerIO_2_1 Pin=U9_U_PowerIO_2-14
Added Pin To Net: NetName=NetFB4_U_PowerIO_2_1 Pin=U9_U_PowerIO_2-15
Added Pin To Net: NetName=NetFB4_U_PowerIO_2_1 Pin=U9_U_PowerIO_2-16
Added Net: Name=NetFB4_U_PowerIO_2_1
Added Pin To Net: NetName=NetJP7_1 Pin=JP7-1
Added Pin To Net: NetName=NetJP7_1 Pin=JP8-1
Added Pin To Net: NetName=NetJP7_1 Pin=U12-26
Added Net: Name=NetJP7_1
Added Pin To Net: NetName=NetQ1_4 Pin=Q1-4
Added Pin To Net: NetName=NetQ1_4 Pin=Q2-4
Added Pin To Net: NetName=NetQ1_4 Pin=R5-2
Added Net: Name=NetQ1_4
Added Pin To Net: NetName=NetR4_1 Pin=R4-1
Added Net: Name=NetR4_1
Added Pin To Net: NetName=NetR5_1 Pin=R5-1
Added Net: Name=NetR5_1
Added Pin To Net: NetName=NetR7_2 Pin=R7-2
Added Net: Name=NetR7_2
Added Pin To Net: NetName=NetR15_2 Pin=R15-2
Added Pin To Net: NetName=NetR15_2 Pin=U5-10
Added Net: Name=NetR15_2
Added Pin To Net: NetName=NetR20_2 Pin=R20-2
Added Pin To Net: NetName=NetR20_2 Pin=U6-7
Added Net: Name=NetR20_2
Added Pin To Net: NetName=NetR21_2 Pin=R21-2
Added Pin To Net: NetName=NetR21_2 Pin=U6-9
Added Net: Name=NetR21_2
Added Pin To Net: NetName=NetR22_1 Pin=R22-1
Added Pin To Net: NetName=NetR22_1 Pin=R24-2
Added Pin To Net: NetName=NetR22_1 Pin=U7-1
Added Pin To Net: NetName=NetR22_1 Pin=U7-4
Added Net: Name=NetR22_1
Added Pin To Net: NetName=NetR25_2 Pin=R25-2
Added Pin To Net: NetName=NetR25_2 Pin=U7-7
Added Net: Name=NetR25_2
Added Pin To Net: NetName=NetR26_2 Pin=R26-2
Added Pin To Net: NetName=NetR26_2 Pin=U7-9
Added Net: Name=NetR26_2
Added Pin To Net: NetName=NetR27_U_PowerIO_2_2 Pin=R27_U_PowerIO_2-2
Added Pin To Net: NetName=NetR27_U_PowerIO_2_2 Pin=U9_U_PowerIO_2-29
Added Net: Name=NetR27_U_PowerIO_2_2
Added Pin To Net: NetName=NetR28_U_PowerIO_2_2 Pin=R28_U_PowerIO_2-2
Added Pin To Net: NetName=NetR28_U_PowerIO_2_2 Pin=U9_U_PowerIO_2-30
Added Net: Name=NetR28_U_PowerIO_2_2
Added Pin To Net: NetName=NetR29_U_PowerIO_2_2 Pin=R29_U_PowerIO_2-2
Added Pin To Net: NetName=NetR29_U_PowerIO_2_2 Pin=U9_U_PowerIO_2-31
Added Net: Name=NetR29_U_PowerIO_2_2
Added Pin To Net: NetName=NetR30_U_PowerIO_2_2 Pin=R30_U_PowerIO_2-2
Added Pin To Net: NetName=NetR30_U_PowerIO_2_2 Pin=U9_U_PowerIO_2-32
Added Net: Name=NetR30_U_PowerIO_2_2
Added Pin To Net: NetName=NetR46_1 Pin=R46-1
Added Pin To Net: NetName=NetR46_1 Pin=U12-32
Added Net: Name=NetR46_1
Added Pin To Net: NetName=NetR47_1 Pin=R47-1
Added Pin To Net: NetName=NetR47_1 Pin=U12-28
Added Net: Name=NetR47_1
Added Pin To Net: NetName=NetR48_U_MuxVM_1_2 Pin=R48_U_MuxVM_1-2
Added Pin To Net: NetName=NetR48_U_MuxVM_1_2 Pin=U13_U_MuxVM_1-9
Added Net: Name=NetR48_U_MuxVM_1_2
Added Pin To Net: NetName=NetR48_U_MuxVM_2_2 Pin=R48_U_MuxVM_2-2
Added Pin To Net: NetName=NetR48_U_MuxVM_2_2 Pin=U13_U_MuxVM_2-9
Added Net: Name=NetR48_U_MuxVM_2_2
Added Pin To Net: NetName=NetR49_U_MuxVM_1_2 Pin=R49_U_MuxVM_1-2
Added Pin To Net: NetName=NetR49_U_MuxVM_1_2 Pin=U14_U_MuxVM_1-9
Added Net: Name=NetR49_U_MuxVM_1_2
Added Pin To Net: NetName=NetR49_U_MuxVM_2_2 Pin=R49_U_MuxVM_2-2
Added Pin To Net: NetName=NetR49_U_MuxVM_2_2 Pin=U14_U_MuxVM_2-9
Added Net: Name=NetR49_U_MuxVM_2_2
Added Pin To Net: NetName=NetR*2_U_DCDCreg5_2 Pin=R*2_U_DCDCreg5-2
Added Pin To Net: NetName=NetR*2_U_DCDCreg5_2 Pin=U4_U_DCDCreg5-6
Added Net: Name=NetR*2_U_DCDCreg5_2
Added Pin To Net: NetName=NetR*2_U_DCDCreg_2 Pin=R*2_U_DCDCreg-2
Added Pin To Net: NetName=NetR*2_U_DCDCreg_2 Pin=U4_U_DCDCreg-6
Added Net: Name=NetR*2_U_DCDCreg_2
Added Pin To Net: NetName=NetU4_U_DCDCreg5_1 Pin=U4_U_DCDCreg5-1
Added Net: Name=NetU4_U_DCDCreg5_1
Added Pin To Net: NetName=NetU4_U_DCDCreg_1 Pin=U4_U_DCDCreg-1
Added Net: Name=NetU4_U_DCDCreg_1
Added Pin To Net: NetName=NetU9_U_PowerIO_2_34 Pin=U9_U_PowerIO_2-34
Added Pin To Net: NetName=NetU9_U_PowerIO_2_34 Pin=U10-12
Added Net: Name=NetU9_U_PowerIO_2_34
Added Pin To Net: NetName=NetU9_U_PowerIO_2_35 Pin=U9_U_PowerIO_2-35
Added Pin To Net: NetName=NetU9_U_PowerIO_2_35 Pin=U10-14
Added Net: Name=NetU9_U_PowerIO_2_35
Added Pin To Net: NetName=NetU9_U_PowerIO_2_36 Pin=U9_U_PowerIO_2-36
Added Pin To Net: NetName=NetU9_U_PowerIO_2_36 Pin=U10-16
Added Net: Name=NetU9_U_PowerIO_2_36
Added Pin To Net: NetName=NetU9_U_PowerIO_2_37 Pin=U9_U_PowerIO_2-37
Added Pin To Net: NetName=NetU9_U_PowerIO_2_37 Pin=U10-18
Added Net: Name=NetU9_U_PowerIO_2_37
Added Pin To Net: NetName=NetU9_U_PowerIO_2_38 Pin=U9_U_PowerIO_2-38
Added Pin To Net: NetName=NetU9_U_PowerIO_2_38 Pin=U10-13
Added Net: Name=NetU9_U_PowerIO_2_38
Added Pin To Net: NetName=NetU9_U_PowerIO_2_39 Pin=U9_U_PowerIO_2-39
Added Pin To Net: NetName=NetU9_U_PowerIO_2_39 Pin=U10-15
Added Net: Name=NetU9_U_PowerIO_2_39
Added Pin To Net: NetName=NetU9_U_PowerIO_2_40 Pin=U9_U_PowerIO_2-40
Added Pin To Net: NetName=NetU9_U_PowerIO_2_40 Pin=U10-17
Added Net: Name=NetU9_U_PowerIO_2_40
Added Pin To Net: NetName=NetU9_U_PowerIO_2_41 Pin=U9_U_PowerIO_2-41
Added Pin To Net: NetName=NetU9_U_PowerIO_2_41 Pin=U10-19
Added Net: Name=NetU9_U_PowerIO_2_41
Added Pin To Net: NetName=NetU11_10 Pin=U11-10
Added Net: Name=NetU11_10
Added Pin To Net: NetName=NetU11_11 Pin=U11-11
Added Net: Name=NetU11_11
Added Pin To Net: NetName=NetU11_15 Pin=U11-15
Added Net: Name=NetU11_15
Added Pin To Net: NetName=NetU11_16 Pin=U11-16
Added Net: Name=NetU11_16
Added Pin To Net: NetName=NetU11_17 Pin=U11-17
Added Net: Name=NetU11_17
Added Pin To Net: NetName=NetU11_31 Pin=U11-31
Added Net: Name=NetU11_31
Added Pin To Net: NetName=NetU11_32 Pin=U11-32
Added Net: Name=NetU11_32
Added Pin To Net: NetName=NetU11_35 Pin=U11-35
Added Net: Name=NetU11_35
Added Pin To Net: NetName=NetU11_38 Pin=U11-38
Added Net: Name=NetU11_38
Added Pin To Net: NetName=NetU11_39 Pin=U11-39
Added Net: Name=NetU11_39
Added Pin To Net: NetName=NMOS Pin=Q1-5
Added Pin To Net: NetName=NMOS Pin=Q1-6
Added Pin To Net: NetName=NMOS Pin=Q1-7
Added Pin To Net: NetName=NMOS Pin=Q1-8
Added Pin To Net: NetName=NMOS Pin=Q2-5
Added Pin To Net: NetName=NMOS Pin=Q2-6
Added Pin To Net: NetName=NMOS Pin=Q2-7
Added Pin To Net: NetName=NMOS Pin=Q2-8
Added Net: Name=NMOS
Added Pin To Net: NetName=OTP Pin=R6-2
Added Net: Name=OTP
Added Pin To Net: NetName=OUT1_U_PowerIO_1 Pin=FB1_U_PowerIO_1-2
Added Pin To Net: NetName=OUT1_U_PowerIO_1 Pin=J7_U_PowerIO_1-1
Added Net: Name=OUT1_U_PowerIO_1
Added Pin To Net: NetName=OUT1_U_PowerIO_2 Pin=FB1_U_PowerIO_2-2
Added Pin To Net: NetName=OUT1_U_PowerIO_2 Pin=J7_U_PowerIO_2-1
Added Net: Name=OUT1_U_PowerIO_2
Added Pin To Net: NetName=OUT2_U_PowerIO_1 Pin=FB2_U_PowerIO_1-2
Added Pin To Net: NetName=OUT2_U_PowerIO_1 Pin=J7_U_PowerIO_1-2
Added Net: Name=OUT2_U_PowerIO_1
Added Pin To Net: NetName=OUT2_U_PowerIO_2 Pin=FB2_U_PowerIO_2-2
Added Pin To Net: NetName=OUT2_U_PowerIO_2 Pin=J7_U_PowerIO_2-2
Added Net: Name=OUT2_U_PowerIO_2
Added Pin To Net: NetName=OUT3_U_PowerIO_1 Pin=FB3_U_PowerIO_1-2
Added Pin To Net: NetName=OUT3_U_PowerIO_1 Pin=J8_U_PowerIO_1-1
Added Net: Name=OUT3_U_PowerIO_1
Added Pin To Net: NetName=OUT3_U_PowerIO_2 Pin=FB3_U_PowerIO_2-2
Added Pin To Net: NetName=OUT3_U_PowerIO_2 Pin=J8_U_PowerIO_2-1
Added Net: Name=OUT3_U_PowerIO_2
Added Pin To Net: NetName=OUT4_U_PowerIO_1 Pin=FB4_U_PowerIO_1-2
Added Pin To Net: NetName=OUT4_U_PowerIO_1 Pin=J8_U_PowerIO_1-2
Added Net: Name=OUT4_U_PowerIO_1
Added Pin To Net: NetName=OUT4_U_PowerIO_2 Pin=FB4_U_PowerIO_2-2
Added Pin To Net: NetName=OUT4_U_PowerIO_2 Pin=J8_U_PowerIO_2-2
Added Net: Name=OUT4_U_PowerIO_2
Added Pin To Net: NetName=P0 Pin=U12-1
Added Net: Name=P0
Added Pin To Net: NetName=P1 Pin=U12-2
Added Net: Name=P1
Added Pin To Net: NetName=P2 Pin=U12-3
Added Net: Name=P2
Added Pin To Net: NetName=P3 Pin=U12-4
Added Net: Name=P3
Added Pin To Net: NetName=P4 Pin=U12-5
Added Net: Name=P4
Added Pin To Net: NetName=P5 Pin=U12-6
Added Net: Name=P5
Added Pin To Net: NetName=P6 Pin=U12-7
Added Net: Name=P6
Added Pin To Net: NetName=P7 Pin=U12-8
Added Net: Name=P7
Added Pin To Net: NetName=P10 Pin=U12-9
Added Net: Name=P10
Added Pin To Net: NetName=P11 Pin=U12-10
Added Net: Name=P11
Added Pin To Net: NetName=P12 Pin=U12-11
Added Net: Name=P12
Added Pin To Net: NetName=P13 Pin=U12-12
Added Net: Name=P13
Added Pin To Net: NetName=P14 Pin=U12-13
Added Net: Name=P14
Added Pin To Net: NetName=P15 Pin=U12-14
Added Net: Name=P15
Added Pin To Net: NetName=P16 Pin=U12-15
Added Net: Name=P16
Added Pin To Net: NetName=P17 Pin=U12-16
Added Net: Name=P17
Added Pin To Net: NetName=P20 Pin=U12-17
Added Net: Name=P20
Added Pin To Net: NetName=P21 Pin=U12-18
Added Net: Name=P21
Added Pin To Net: NetName=P22 Pin=U12-19
Added Net: Name=P22
Added Pin To Net: NetName=P23 Pin=U12-20
Added Net: Name=P23
Added Pin To Net: NetName=P24 Pin=U12-21
Added Net: Name=P24
Added Pin To Net: NetName=P25 Pin=U12-22
Added Net: Name=P25
Added Pin To Net: NetName=P26 Pin=U12-23
Added Net: Name=P26
Added Pin To Net: NetName=P27 Pin=U12-24
Added Net: Name=P27
Added Pin To Net: NetName=PWM_ETX_0 Pin=D7-K
Added Pin To Net: NetName=PWM_ETX_0 Pin=J9-1
Added Pin To Net: NetName=PWM_ETX_0 Pin=R40-2
Added Net: Name=PWM_ETX_0
Added Pin To Net: NetName=PWM_ETX_1 Pin=D8-K
Added Pin To Net: NetName=PWM_ETX_1 Pin=J9-2
Added Pin To Net: NetName=PWM_ETX_1 Pin=R39-2
Added Net: Name=PWM_ETX_1
Added Pin To Net: NetName=PWM_ETX_2 Pin=D9-K
Added Pin To Net: NetName=PWM_ETX_2 Pin=J9-3
Added Pin To Net: NetName=PWM_ETX_2 Pin=R38-2
Added Net: Name=PWM_ETX_2
Added Pin To Net: NetName=PWM_ETX_3 Pin=D10-K
Added Pin To Net: NetName=PWM_ETX_3 Pin=J9-4
Added Pin To Net: NetName=PWM_ETX_3 Pin=R37-2
Added Net: Name=PWM_ETX_3
Added Pin To Net: NetName=PWM_ETX_4 Pin=D11-K
Added Pin To Net: NetName=PWM_ETX_4 Pin=J9-5
Added Pin To Net: NetName=PWM_ETX_4 Pin=R36-2
Added Net: Name=PWM_ETX_4
Added Pin To Net: NetName=PWM_ETX_5 Pin=D12-K
Added Pin To Net: NetName=PWM_ETX_5 Pin=J9-6
Added Pin To Net: NetName=PWM_ETX_5 Pin=R35-2
Added Net: Name=PWM_ETX_5
Added Pin To Net: NetName=PWM_ETX_6 Pin=D13-K
Added Pin To Net: NetName=PWM_ETX_6 Pin=J9-7
Added Pin To Net: NetName=PWM_ETX_6 Pin=R34-2
Added Net: Name=PWM_ETX_6
Added Pin To Net: NetName=PWM_ETX_7 Pin=D14-K
Added Pin To Net: NetName=PWM_ETX_7 Pin=J9-8
Added Pin To Net: NetName=PWM_ETX_7 Pin=R33-2
Added Net: Name=PWM_ETX_7
Added Pin To Net: NetName=PWM_nOE Pin=R32-1
Added Pin To Net: NetName=PWM_nOE Pin=U10-20
Added Net: Name=PWM_nOE
Added Pin To Net: NetName=PWM_PROT_0 Pin=D7-A
Added Pin To Net: NetName=PWM_PROT_0 Pin=D15-1
Added Pin To Net: NetName=PWM_PROT_0 Pin=U10-3
Added Net: Name=PWM_PROT_0
Added Pin To Net: NetName=PWM_PROT_1 Pin=D8-A
Added Pin To Net: NetName=PWM_PROT_1 Pin=D15-3
Added Pin To Net: NetName=PWM_PROT_1 Pin=U10-4
Added Net: Name=PWM_PROT_1
Added Pin To Net: NetName=PWM_PROT_2 Pin=D9-A
Added Pin To Net: NetName=PWM_PROT_2 Pin=D15-4
Added Pin To Net: NetName=PWM_PROT_2 Pin=U10-5
Added Net: Name=PWM_PROT_2
Added Pin To Net: NetName=PWM_PROT_3 Pin=D10-A
Added Pin To Net: NetName=PWM_PROT_3 Pin=D15-6
Added Pin To Net: NetName=PWM_PROT_3 Pin=U10-6
Added Net: Name=PWM_PROT_3
Added Pin To Net: NetName=PWM_PROT_4 Pin=D11-A
Added Pin To Net: NetName=PWM_PROT_4 Pin=D16-6
Added Pin To Net: NetName=PWM_PROT_4 Pin=U10-7
Added Net: Name=PWM_PROT_4
Added Pin To Net: NetName=PWM_PROT_5 Pin=D12-A
Added Pin To Net: NetName=PWM_PROT_5 Pin=D16-4
Added Pin To Net: NetName=PWM_PROT_5 Pin=U10-8
Added Net: Name=PWM_PROT_5
Added Pin To Net: NetName=PWM_PROT_6 Pin=D13-A
Added Pin To Net: NetName=PWM_PROT_6 Pin=D16-3
Added Pin To Net: NetName=PWM_PROT_6 Pin=U10-9
Added Net: Name=PWM_PROT_6
Added Pin To Net: NetName=PWM_PROT_7 Pin=D14-A
Added Pin To Net: NetName=PWM_PROT_7 Pin=D16-1
Added Pin To Net: NetName=PWM_PROT_7 Pin=U10-10
Added Net: Name=PWM_PROT_7
Added Pin To Net: NetName=REG5_INT Pin=R11_U_DCDCreg5-1
Added Pin To Net: NetName=REG5_INT Pin=U4_U_DCDCreg5-14
Added Net: Name=REG5_INT
Added Pin To Net: NetName=REG5_R_SENS+ Pin=C11_U_DCDCreg5-1
Added Pin To Net: NetName=REG5_R_SENS+ Pin=C12_U_DCDCreg5-2
Added Pin To Net: NetName=REG5_R_SENS+ Pin=C13_U_DCDCreg5-2
Added Pin To Net: NetName=REG5_R_SENS+ Pin=C14_U_DCDCreg5-2
Added Pin To Net: NetName=REG5_R_SENS+ Pin=C15_U_DCDCreg5-2
Added Pin To Net: NetName=REG5_R_SENS+ Pin=C16_U_DCDCreg5-1
Added Pin To Net: NetName=REG5_R_SENS+ Pin=R10_U_DCDCreg5-1
Added Pin To Net: NetName=REG5_R_SENS+ Pin=U4_U_DCDCreg5-11
Added Pin To Net: NetName=REG5_R_SENS+ Pin=U4_U_DCDCreg5-12
Added Pin To Net: NetName=REG5_R_SENS+ Pin=U8-2
Added Net: Name=REG5_R_SENS+
Added Pin To Net: NetName=REG_INT Pin=R11_U_DCDCreg-1
Added Pin To Net: NetName=REG_INT Pin=U4_U_DCDCreg-14
Added Net: Name=REG_INT
Added Pin To Net: NetName=REG_R_SENS+ Pin=C11_U_DCDCreg-1
Added Pin To Net: NetName=REG_R_SENS+ Pin=C12_U_DCDCreg-2
Added Pin To Net: NetName=REG_R_SENS+ Pin=C13_U_DCDCreg-2
Added Pin To Net: NetName=REG_R_SENS+ Pin=C14_U_DCDCreg-2
Added Pin To Net: NetName=REG_R_SENS+ Pin=C15_U_DCDCreg-2
Added Pin To Net: NetName=REG_R_SENS+ Pin=C16_U_DCDCreg-1
Added Pin To Net: NetName=REG_R_SENS+ Pin=R10_U_DCDCreg-1
Added Pin To Net: NetName=REG_R_SENS+ Pin=U4_U_DCDCreg-11
Added Pin To Net: NetName=REG_R_SENS+ Pin=U4_U_DCDCreg-12
Added Pin To Net: NetName=REG_R_SENS+ Pin=U8-15
Added Net: Name=REG_R_SENS+
Added Pin To Net: NetName=SW1_U_DCDCreg5 Pin=C6_U_DCDCreg5-2
Added Pin To Net: NetName=SW1_U_DCDCreg5 Pin=L1_U_DCDCreg5-1
Added Pin To Net: NetName=SW1_U_DCDCreg5 Pin=U4_U_DCDCreg5-8
Added Net: Name=SW1_U_DCDCreg5
Added Pin To Net: NetName=SW1_U_DCDCreg Pin=C6_U_DCDCreg-2
Added Pin To Net: NetName=SW1_U_DCDCreg Pin=L1_U_DCDCreg-1
Added Pin To Net: NetName=SW1_U_DCDCreg Pin=U4_U_DCDCreg-8
Added Net: Name=SW1_U_DCDCreg
Added Pin To Net: NetName=SW2_U_DCDCreg5 Pin=C7_U_DCDCreg5-2
Added Pin To Net: NetName=SW2_U_DCDCreg5 Pin=L1_U_DCDCreg5-2
Added Pin To Net: NetName=SW2_U_DCDCreg5 Pin=U4_U_DCDCreg5-10
Added Net: Name=SW2_U_DCDCreg5
Added Pin To Net: NetName=SW2_U_DCDCreg Pin=C7_U_DCDCreg-2
Added Pin To Net: NetName=SW2_U_DCDCreg Pin=L1_U_DCDCreg-2
Added Pin To Net: NetName=SW2_U_DCDCreg Pin=U4_U_DCDCreg-10
Added Net: Name=SW2_U_DCDCreg
Added Pin To Net: NetName=USB_DN Pin=J1-A7
Added Pin To Net: NetName=USB_DN Pin=J1-B7
Added Pin To Net: NetName=USB_DN Pin=U11-13
Added Net: Name=USB_DN
Added Pin To Net: NetName=USB_DP Pin=J1-A6
Added Pin To Net: NetName=USB_DP Pin=J1-B6
Added Pin To Net: NetName=USB_DP Pin=U11-14
Added Net: Name=USB_DP
Added Pin To Net: NetName=V5V Pin=C3-2
Added Net: Name=V5V
Added Net: Name=V18
Added Pin To Net: NetName=V_UVLO Pin=R17-1
Added Pin To Net: NetName=V_UVLO Pin=R18-2
Added Pin To Net: NetName=V_UVLO Pin=U6-1
Added Pin To Net: NetName=V_UVLO Pin=U6-4
Added Pin To Net: NetName=V_UVLO Pin=U7-2
Added Net: Name=V_UVLO
Added Pin To Net: NetName=VBUS Pin=J1-A4
Added Pin To Net: NetName=VBUS Pin=J1-A9
Added Pin To Net: NetName=VBUS Pin=J1-B4
Added Pin To Net: NetName=VBUS Pin=J1-B9
Added Net: Name=VBUS
Added Pin To Net: NetName=VBUS_PROT Pin=D2-K
Added Net: Name=VBUS_PROT
Added Pin To Net: NetName=VBUS_SEN Pin=C1-1
Added Pin To Net: NetName=VBUS_SEN Pin=Q1-1
Added Pin To Net: NetName=VBUS_SEN Pin=Q1-2
Added Pin To Net: NetName=VBUS_SEN Pin=Q1-3
Added Net: Name=VBUS_SEN
Added Pin To Net: NetName=VDD Pin=C37-2
Added Pin To Net: NetName=VDD Pin=JP3-2
Added Pin To Net: NetName=VDD Pin=JP4-2
Added Pin To Net: NetName=VDD Pin=U10-25
Added Net: Name=VDD
Added Pin To Net: NetName=VEXT_GOOD Pin=R23-1
Added Pin To Net: NetName=VEXT_GOOD Pin=U7-3
Added Net: Name=VEXT_GOOD
Added Pin To Net: NetName=VEXT_PROT Pin=D6-K
Added Pin To Net: NetName=VEXT_PROT Pin=F3-2
Added Pin To Net: NetName=VEXT_PROT Pin=F4-2
Added Pin To Net: NetName=VEXT_PROT Pin=R22-2
Added Pin To Net: NetName=VEXT_PROT Pin=U7-5
Added Net: Name=VEXT_PROT
Added Pin To Net: NetName=VEXT_SCR Pin=F4-1
Added Pin To Net: NetName=VEXT_SCR Pin=J3-1
Added Net: Name=VEXT_SCR
Added Pin To Net: NetName=VEXT_XT Pin=F3-1
Added Pin To Net: NetName=VEXT_XT Pin=J2-1
Added Net: Name=VEXT_XT
Added Pin To Net: NetName=VREF1 Pin=U9_U_PowerIO_1-33
Added Pin To Net: NetName=VREF1 Pin=U16-1
Added Pin To Net: NetName=VREF1 Pin=U16-2
Added Net: Name=VREF1
Added Pin To Net: NetName=VREF2 Pin=U9_U_PowerIO_2-33
Added Pin To Net: NetName=VREF2 Pin=U16-11
Added Pin To Net: NetName=VREF2 Pin=U16-12
Added Net: Name=VREF2
Added Pin To Net: NetName=VREF Pin=C59-2
Added Pin To Net: NetName=VREF Pin=R66-1
Added Pin To Net: NetName=VREF Pin=U16-16
Added Net: Name=VREF
Added Pin To Net: NetName=VREG5 Pin=C38-1
Added Pin To Net: NetName=VREG5 Pin=C48_U_MuxVM_2-2
Added Pin To Net: NetName=VREG5 Pin=J6-1
Added Pin To Net: NetName=VREG5 Pin=J10-1
Added Pin To Net: NetName=VREG5 Pin=J10-2
Added Pin To Net: NetName=VREG5 Pin=J10-3
Added Pin To Net: NetName=VREG5 Pin=J10-4
Added Pin To Net: NetName=VREG5 Pin=J10-5
Added Pin To Net: NetName=VREG5 Pin=J10-6
Added Pin To Net: NetName=VREG5 Pin=J10-7
Added Pin To Net: NetName=VREG5 Pin=J10-8
Added Pin To Net: NetName=VREG5 Pin=JP4-1
Added Pin To Net: NetName=VREG5 Pin=R10_U_DCDCreg5-2
Added Pin To Net: NetName=VREG5 Pin=U4_U_DCDCreg5-13
Added Pin To Net: NetName=VREG5 Pin=U8-1
Added Pin To Net: NetName=VREG5 Pin=U13_U_MuxVM_2-5
Added Net: Name=VREG5
Added Pin To Net: NetName=VREG Pin=C48_U_MuxVM_1-2
Added Pin To Net: NetName=VREG Pin=J5-1
Added Pin To Net: NetName=VREG Pin=R10_U_DCDCreg-2
Added Pin To Net: NetName=VREG Pin=U4_U_DCDCreg-13
Added Pin To Net: NetName=VREG Pin=U8-14
Added Pin To Net: NetName=VREG Pin=U13_U_MuxVM_1-5
Added Net: Name=VREG
Added Pin To Net: NetName=VSUP Pin=C8_U_DCDCreg-1
Added Pin To Net: NetName=VSUP Pin=C8_U_DCDCreg5-1
Added Pin To Net: NetName=VSUP Pin=C9_U_DCDCreg-2
Added Pin To Net: NetName=VSUP Pin=C9_U_DCDCreg5-2
Added Pin To Net: NetName=VSUP Pin=C10_U_DCDCreg-2
Added Pin To Net: NetName=VSUP Pin=C10_U_DCDCreg5-2
Added Pin To Net: NetName=VSUP Pin=C20-2
Added Pin To Net: NetName=VSUP Pin=C21-2
Added Pin To Net: NetName=VSUP Pin=C51_U_MuxVM_1-2
Added Pin To Net: NetName=VSUP Pin=C51_U_MuxVM_2-2
Added Pin To Net: NetName=VSUP Pin=R16-2
Added Pin To Net: NetName=VSUP Pin=U4_U_DCDCreg-7
Added Pin To Net: NetName=VSUP Pin=U4_U_DCDCreg5-7
Added Pin To Net: NetName=VSUP Pin=U5-8
Added Pin To Net: NetName=VSUP Pin=U8-11
Added Pin To Net: NetName=VSUP Pin=U14_U_MuxVM_1-5
Added Pin To Net: NetName=VSUP Pin=U14_U_MuxVM_2-5
Added Net: Name=VSUP
Added Pin To Net: NetName=VSUP_SENS+ Pin=C24-1
Added Pin To Net: NetName=VSUP_SENS+ Pin=R16-1
Added Pin To Net: NetName=VSUP_SENS+ Pin=U6-6
Added Pin To Net: NetName=VSUP_SENS+ Pin=U7-6
Added Pin To Net: NetName=VSUP_SENS+ Pin=U8-12
Added Net: Name=VSUP_SENS+
Added Pin To Net: NetName=VUSB Pin=D1-K
Added Pin To Net: NetName=VUSB Pin=Q2-1
Added Pin To Net: NetName=VUSB Pin=Q2-2
Added Pin To Net: NetName=VUSB Pin=Q2-3
Added Pin To Net: NetName=VUSB Pin=R4-2
Added Pin To Net: NetName=VUSB Pin=R17-2
Added Pin To Net: NetName=VUSB Pin=U6-5
Added Net: Name=VUSB
Added Pin To Net: NetName=VUSB_GOOD Pin=R19-1
Added Pin To Net: NetName=VUSB_GOOD Pin=U6-3
Added Net: Name=VUSB_GOOD
Added Class: Name=U_ADCHighVoltageInputsSchDoc
Added Class: Name=U_DAC
Added Class: Name=U_DCDC3
Added Class: Name=U_DCDCreg5
Added Class: Name=U_DCDCreg
Added Class: Name=U_GPIOExpander
Added Class: Name=U_MCU
Added Class: Name=U_MuxVM_1
Added Class: Name=U_MuxVM_2
Added Class: Name=U_PowerAssembly
Added Class: Name=U_PowerIO_1
Added Class: Name=U_PowerIO_2
Added Class: Name=U_PWMExpander
Added Class: Name=U_USBPD
Added Class: Name=N000-1_[0..27]
Added Class: Name=DCDCreg
Added Class: Name=DRVPowerOutputs
Added Class: Name=MuxVM
Added Rule: Name=Schematic Supply Nets
Added Rule: Name=Schematic Supply Nets_1
Added Rule: Name=Schematic Supply Nets_2
Added Rule: Name=Schematic Supply Nets_3
Added Rule: Name=Schematic Supply Nets_4
Added Rule: Name=Schematic Supply Nets_5
Added Rule: Name=Schematic Supply Nets_6
